RollNumber,Name,Branch,StartYear,Courses
MT23763,Student_10,MTech-CSE,2020,3
MT23522,Student_100,MTech-AI,2020,1
3958,Student_1005,ECE,2020,2
8715,Student_1008,MTech-AI,2020,1
MT21640,Student_1009,CSE,2020,3
7886,Student_1014,MTech-AI,2020,2
MT21817,Student_1022,CSE,2020,3
MT25961,Student_1024,MTech-AI,2020,3
4301,Student_1026,MTech-CSE,2020,3
4742,Student_1031,CSE,2020,3
3371,Student_1057,MTech-AI,2020,1
1979,Student_1060,MTech-CSE,2020,2
MT25754,Student_1061,ECE,2020,1
MT22435,Student_1062,MTech-CSE,2020,3
9687,Student_1064,MTech-AI,2020,1
6582,Student_1066,CSE,2020,3
2003,Student_1071,CSE,2020,3
4580,Student_1072,MTech-CSE,2020,2
7850,Student_1073,MTech-AI,2020,1
5944,Student_1076,CSE,2020,1
9331,Student_1080,CSE,2020,3
MT24715,Student_1083,ECE,2020,2
MT25860,Student_1092,MTech-CSE,2020,2
4767,Student_1096,ECE,2020,1
1743,Student_1097,MTech-CSE,2020,1
3636,Student_1098,MTech-CSE,2020,1
9974,Student_11,CSE,2020,2
MT25780,Student_1100,ECE,2020,3
3303,Student_1101,MTech-CSE,2020,1
MT23015,Student_1103,CSE,2020,1
MT23071,Student_1104,MTech-CSE,2020,1
7724,Student_1113,MTech-AI,2020,3
8713,Student_1114,MTech-AI,2020,2
MT21050,Student_1121,CSE,2020,1
3912,Student_1125,ECE,2020,1
3719,Student_1126,ECE,2020,1
6392,Student_1127,ECE,2020,2
8778,Student_1128,CSE,2020,1
MT25512,Student_1129,CSE,2020,3
3378,Student_1130,CSE,2020,2
7228,Student_1132,CSE,2020,3
MT24500,Student_1134,CSE,2020,3
9200,Student_1139,ECE,2020,2
6228,Student_1145,ECE,2020,1
4289,Student_1151,MTech-AI,2020,2
MT25782,Student_1153,MTech-AI,2020,1
MT22907,Student_1157,CSE,2020,3
MT21710,Student_1162,ECE,2020,1
MT22002,Student_1163,ECE,2020,2
7506,Student_1166,MTech-AI,2020,1
MT25415,Student_117,MTech-CSE,2020,2
5484,Student_1174,CSE,2020,2
MT23357,Student_1176,MTech-CSE,2020,3
MT24732,Student_1182,ECE,2020,2
MT25353,Student_1184,MTech-CSE,2020,1
MT22338,Student_1188,CSE,2020,2
3237,Student_1199,ECE,2020,2
9655,Student_1201,ECE,2020,1
8206,Student_1204,MTech-CSE,2020,3
8351,Student_1206,ECE,2020,3
9709,Student_121,MTech-AI,2020,2
6272,Student_122,CSE,2020,3
MT22155,Student_1238,MTech-CSE,2020,3
MT23482,Student_1240,MTech-CSE,2020,1
5382,Student_1242,MTech-CSE,2020,1
9646,Student_1244,MTech-AI,2020,2
3354,Student_1250,MTech-AI,2020,1
MT25052,Student_1254,ECE,2020,3
8632,Student_1255,MTech-CSE,2020,2
3890,Student_1260,MTech-AI,2020,1
MT25239,Student_1261,MTech-CSE,2020,1
MT23318,Student_1262,MTech-CSE,2020,3
5933,Student_1264,MTech-AI,2020,1
MT25843,Student_1270,CSE,2020,3
MT24960,Student_1285,MTech-CSE,2020,3
MT21920,Student_1287,MTech-AI,2020,3
3791,Student_1298,MTech-AI,2020,1
4228,Student_130,CSE,2020,1
7956,Student_1305,MTech-AI,2020,3
MT22106,Student_1306,ECE,2020,1
MT23275,Student_131,MTech-AI,2020,3
MT23950,Student_1311,MTech-CSE,2020,3
MT23009,Student_1319,ECE,2020,1
2438,Student_1322,MTech-AI,2020,2
MT25443,Student_1329,ECE,2020,1
MT22989,Student_1332,MTech-CSE,2020,1
MT21450,Student_1336,ECE,2020,2
MT24010,Student_1337,MTech-CSE,2020,1
2034,Student_1349,ECE,2020,3
8087,Student_1350,ECE,2020,2
3980,Student_1356,ECE,2020,2
7007,Student_1375,MTech-CSE,2020,2
MT21182,Student_1379,MTech-CSE,2020,1
4614,Student_1383,CSE,2020,2
MT21351,Student_1393,CSE,2020,1
MT24231,Student_1402,ECE,2020,3
6061,Student_1403,MTech-AI,2020,3
MT22676,Student_1404,MTech-AI,2020,2
MT25927,Student_1405,MTech-CSE,2020,3
MT24826,Student_1408,MTech-AI,2020,3
MT23238,Student_1419,ECE,2020,3
MT21796,Student_1421,MTech-CSE,2020,2
6595,Student_1423,MTech-CSE,2020,3
MT22297,Student_1425,ECE,2020,3
MT21368,Student_1430,MTech-CSE,2020,3
5687,Student_1438,CSE,2020,1
7900,Student_1448,ECE,2020,1
MT25000,Student_1450,ECE,2020,1
MT24878,Student_1451,MTech-CSE,2020,3
MT24949,Student_1458,MTech-AI,2020,1
5670,Student_1460,MTech-AI,2020,1
MT22313,Student_1462,MTech-AI,2020,1
MT25810,Student_1463,MTech-CSE,2020,3
8448,Student_1465,MTech-AI,2020,3
8852,Student_1466,MTech-CSE,2020,3
2741,Student_147,CSE,2020,3
MT25859,Student_1473,MTech-AI,2020,1
MT25228,Student_1483,CSE,2020,1
MT25311,Student_149,MTech-AI,2020,3
2684,Student_1492,CSE,2020,3
MT24544,Student_1494,ECE,2020,3
7305,Student_15,ECE,2020,2
6022,Student_1500,MTech-CSE,2020,3
4385,Student_1506,CSE,2020,3
2994,Student_1514,ECE,2020,2
7770,Student_1515,ECE,2020,1
2432,Student_1518,MTech-AI,2020,3
4899,Student_153,CSE,2020,2
3750,Student_1539,ECE,2020,1
5882,Student_1542,ECE,2020,2
MT21633,Student_1547,MTech-AI,2020,2
1954,Student_155,MTech-AI,2020,1
MT24124,Student_1550,ECE,2020,2
4947,Student_1551,MTech-AI,2020,1
9365,Student_1554,MTech-CSE,2020,1
7717,Student_1555,CSE,2020,2
MT21169,Student_1561,CSE,2020,3
3067,Student_1566,MTech-AI,2020,2
2242,Student_1568,ECE,2020,2
MT25905,Student_157,MTech-CSE,2020,1
6259,Student_1571,CSE,2020,1
1167,Student_1582,ECE,2020,2
MT25569,Student_1586,ECE,2020,1
1061,Student_1591,MTech-CSE,2020,1
3253,Student_1593,ECE,2020,3
MT21089,Student_1602,ECE,2020,2
MT25809,Student_1612,ECE,2020,3
MT24761,Student_1614,MTech-CSE,2020,2
MT22943,Student_162,CSE,2020,2
MT21342,Student_1620,MTech-CSE,2020,3
MT23434,Student_1626,CSE,2020,3
5490,Student_1628,CSE,2020,3
3217,Student_1630,CSE,2020,2
MT22109,Student_1632,MTech-CSE,2020,1
MT25291,Student_1636,ECE,2020,1
9111,Student_1640,MTech-AI,2020,1
3547,Student_1643,MTech-CSE,2020,3
MT25005,Student_1651,ECE,2020,1
MT24993,Student_1673,CSE,2020,2
6572,Student_1682,ECE,2020,1
1878,Student_1690,CSE,2020,2
8201,Student_1701,MTech-CSE,2020,1
MT21555,Student_1706,CSE,2020,3
5151,Student_1707,CSE,2020,3
MT21428,Student_1708,MTech-AI,2020,3
MT22937,Student_1711,MTech-AI,2020,3
7427,Student_1713,ECE,2020,2
MT24641,Student_1719,MTech-CSE,2020,1
MT23303,Student_1722,MTech-CSE,2020,1
4393,Student_1723,MTech-AI,2020,2
8171,Student_1724,ECE,2020,1
8756,Student_1725,CSE,2020,1
9510,Student_174,MTech-CSE,2020,2
6662,Student_1743,CSE,2020,2
3383,Student_1748,ECE,2020,1
2151,Student_1755,ECE,2020,1
7169,Student_1758,MTech-AI,2020,2
MT21198,Student_1761,ECE,2020,3
MT23216,Student_1762,MTech-CSE,2020,3
MT21553,Student_177,ECE,2020,3
1453,Student_1789,MTech-AI,2020,1
1580,Student_1790,MTech-AI,2020,3
3284,Student_1791,ECE,2020,2
MT24080,Student_1795,ECE,2020,2
MT25596,Student_1797,MTech-AI,2020,3
9493,Student_1799,MTech-CSE,2020,3
4818,Student_1802,MTech-CSE,2020,1
6962,Student_1808,ECE,2020,3
9961,Student_1809,MTech-CSE,2020,3
5950,Student_1812,MTech-AI,2020,1
7067,Student_1820,MTech-AI,2020,3
6853,Student_1821,MTech-AI,2020,2
6982,Student_1829,ECE,2020,2
MT21680,Student_183,CSE,2020,2
MT23775,Student_1831,MTech-AI,2020,2
MT21770,Student_1836,MTech-CSE,2020,3
5130,Student_1846,ECE,2020,3
MT25858,Student_1852,MTech-CSE,2020,1
1289,Student_1859,CSE,2020,3
MT21451,Student_1868,CSE,2020,2
5871,Student_1870,MTech-CSE,2020,2
MT24225,Student_1874,ECE,2020,1
MT24391,Student_1876,MTech-CSE,2020,2
6753,Student_1878,CSE,2020,3
8282,Student_188,ECE,2020,2
6239,Student_1894,MTech-CSE,2020,3
3687,Student_1895,ECE,2020,2
MT25447,Student_1896,ECE,2020,1
5689,Student_1897,MTech-CSE,2020,2
MT24254,Student_1898,ECE,2020,1
4044,Student_1900,CSE,2020,2
MT22652,Student_1905,CSE,2020,1
4071,Student_1909,ECE,2020,2
MT23949,Student_1911,ECE,2020,3
MT21986,Student_1912,CSE,2020,3
MT21616,Student_1920,ECE,2020,2
MT22507,Student_1922,MTech-AI,2020,3
MT23282,Student_1931,MTech-CSE,2020,3
MT23273,Student_1932,MTech-AI,2020,3
MT22844,Student_1934,MTech-AI,2020,1
1379,Student_1935,CSE,2020,3
MT22971,Student_194,CSE,2020,3
MT21609,Student_1940,ECE,2020,2
9636,Student_1941,MTech-AI,2020,2
2330,Student_1949,CSE,2020,3
1102,Student_1951,MTech-CSE,2020,1
2726,Student_1953,MTech-AI,2020,2
2098,Student_1957,ECE,2020,1
MT23829,Student_196,MTech-CSE,2020,3
6335,Student_1960,CSE,2020,2
MT22211,Student_1962,MTech-AI,2020,2
MT24651,Student_1974,ECE,2020,2
3292,Student_1977,ECE,2020,2
MT25990,Student_1985,MTech-AI,2020,1
MT24903,Student_1989,MTech-AI,2020,3
1493,Student_199,ECE,2020,1
1947,Student_1990,MTech-AI,2020,2
2704,Student_1995,CSE,2020,2
9352,Student_1997,MTech-CSE,2020,2
MT25116,Student_2006,MTech-CSE,2020,1
MT25974,Student_2019,MTech-CSE,2020,1
MT24621,Student_2021,MTech-AI,2020,1
MT25850,Student_2022,CSE,2020,1
7014,Student_2030,ECE,2020,3
MT23030,Student_2039,MTech-CSE,2020,3
5223,Student_2057,ECE,2020,2
4415,Student_2066,CSE,2020,2
MT23918,Student_2069,MTech-CSE,2020,2
MT21910,Student_2070,ECE,2020,3
MT22453,Student_2087,CSE,2020,1
MT22693,Student_2092,ECE,2020,2
MT23880,Student_21,CSE,2020,3
MT24817,Student_210,MTech-AI,2020,2
MT25496,Student_2113,CSE,2020,3
4674,Student_2115,MTech-AI,2020,1
MT23884,Student_2118,MTech-AI,2020,1
MT22185,Student_2119,ECE,2020,1
MT25853,Student_2124,MTech-CSE,2020,1
1733,Student_2137,MTech-AI,2020,1
6689,Student_2139,MTech-AI,2020,3
MT23470,Student_2146,CSE,2020,3
2073,Student_2157,MTech-CSE,2020,2
MT25709,Student_216,MTech-AI,2020,2
MT24478,Student_2164,MTech-CSE,2020,3
MT25548,Student_2168,ECE,2020,1
MT25896,Student_2169,MTech-AI,2020,2
3484,Student_2171,MTech-CSE,2020,1
3089,Student_2176,MTech-CSE,2020,3
9867,Student_2179,ECE,2020,1
8142,Student_218,MTech-CSE,2020,1
MT24902,Student_2184,CSE,2020,2
MT22466,Student_2188,ECE,2020,3
MT23936,Student_219,MTech-AI,2020,2
MT21670,Student_2194,ECE,2020,3
4054,Student_2195,CSE,2020,1
MT23211,Student_2198,MTech-AI,2020,2
MT25380,Student_2206,MTech-CSE,2020,2
7381,Student_2218,CSE,2020,1
3352,Student_222,CSE,2020,2
2557,Student_2221,ECE,2020,2
MT23900,Student_2223,ECE,2020,1
MT23466,Student_223,ECE,2020,1
MT25658,Student_2240,MTech-CSE,2020,3
1166,Student_2245,CSE,2020,2
6833,Student_225,MTech-CSE,2020,2
MT25134,Student_2250,CSE,2020,3
MT21103,Student_2251,ECE,2020,1
5125,Student_2254,MTech-AI,2020,3
MT21650,Student_2256,ECE,2020,1
7351,Student_2258,MTech-CSE,2020,2
5731,Student_2262,MTech-AI,2020,1
MT24593,Student_2266,ECE,2020,3
9231,Student_2267,ECE,2020,3
MT24967,Student_2270,MTech-AI,2020,3
9036,Student_2272,MTech-AI,2020,3
MT23891,Student_2279,ECE,2020,1
MT25718,Student_228,CSE,2020,2
MT24026,Student_2281,ECE,2020,1
MT24757,Student_229,MTech-CSE,2020,2
MT21528,Student_2290,CSE,2020,1
MT25540,Student_2291,CSE,2020,3
MT21669,Student_2295,MTech-AI,2020,1
4762,Student_2298,ECE,2020,3
1297,Student_2303,CSE,2020,3
MT25504,Student_231,ECE,2020,3
4068,Student_2310,CSE,2020,2
MT21066,Student_2311,MTech-CSE,2020,1
3088,Student_2325,MTech-CSE,2020,3
9913,Student_2333,MTech-CSE,2020,3
4576,Student_2335,ECE,2020,3
8496,Student_2337,ECE,2020,1
9978,Student_2340,ECE,2020,3
MT25533,Student_2347,MTech-CSE,2020,2
MT25565,Student_235,MTech-AI,2020,3
3252,Student_2352,CSE,2020,3
8310,Student_2358,ECE,2020,2
6680,Student_2364,CSE,2020,2
MT22783,Student_2374,CSE,2020,3
9796,Student_2377,CSE,2020,3
MT23232,Student_2380,CSE,2020,3
1589,Student_2382,MTech-AI,2020,1
MT21916,Student_2384,MTech-CSE,2020,3
MT22968,Student_2387,CSE,2020,3
MT23208,Student_2389,CSE,2020,3
3184,Student_2391,MTech-CSE,2020,3
9315,Student_2392,ECE,2020,2
9336,Student_2393,MTech-AI,2020,1
9856,Student_2397,MTech-AI,2020,2
MT25301,Student_2398,ECE,2020,2
MT24946,Student_24,ECE,2020,1
6849,Student_241,MTech-AI,2020,3
MT25435,Student_2410,ECE,2020,2
MT22665,Student_2413,CSE,2020,2
7049,Student_2415,ECE,2020,1
MT23177,Student_2417,ECE,2020,1
7676,Student_2420,ECE,2020,1
5508,Student_2421,MTech-CSE,2020,3
MT21335,Student_2422,CSE,2020,1
4079,Student_2426,MTech-CSE,2020,3
7225,Student_2428,ECE,2020,1
MT24875,Student_243,CSE,2020,3
3138,Student_2431,MTech-CSE,2020,1
MT21583,Student_2434,ECE,2020,3
2081,Student_2441,MTech-AI,2020,1
MT25439,Student_2443,ECE,2020,3
6201,Student_2445,MTech-CSE,2020,1
MT24353,Student_2448,ECE,2020,1
1432,Student_245,MTech-CSE,2020,3
MT23222,Student_2451,CSE,2020,2
3543,Student_2452,MTech-CSE,2020,1
MT24121,Student_2472,MTech-CSE,2020,2
5255,Student_2486,ECE,2020,2
3266,Student_2487,ECE,2020,1
MT22219,Student_2493,MTech-CSE,2020,2
3380,Student_2496,MTech-CSE,2020,3
4668,Student_2498,CSE,2020,1
2798,Student_2503,MTech-CSE,2020,2
MT23864,Student_2504,MTech-AI,2020,1
6668,Student_2505,MTech-AI,2020,3
6589,Student_2507,MTech-AI,2020,3
MT24051,Student_251,MTech-CSE,2020,3
5318,Student_2514,MTech-CSE,2020,3
3363,Student_2520,ECE,2020,3
7390,Student_2522,MTech-AI,2020,1
MT25082,Student_2523,CSE,2020,3
7144,Student_2526,ECE,2020,2
MT22469,Student_253,MTech-CSE,2020,1
4880,Student_2530,ECE,2020,3
3293,Student_2539,ECE,2020,2
MT22429,Student_2542,MTech-CSE,2020,3
2649,Student_2545,CSE,2020,2
MT21955,Student_2546,CSE,2020,3
MT25382,Student_2552,MTech-AI,2020,2
6240,Student_2553,MTech-CSE,2020,3
7256,Student_2556,ECE,2020,2
MT21588,Student_2571,ECE,2020,3
4799,Student_2572,ECE,2020,3
9730,Student_2574,CSE,2020,2
MT21044,Student_2576,CSE,2020,1
9547,Student_258,CSE,2020,3
MT23207,Student_2585,CSE,2020,1
MT23173,Student_2587,ECE,2020,2
5501,Student_2588,ECE,2020,1
MT23987,Student_2589,CSE,2020,3
1964,Student_2596,MTech-AI,2020,2
5447,Student_260,MTech-AI,2020,3
MT25991,Student_2600,MTech-AI,2020,1
1382,Student_2601,MTech-AI,2020,2
9258,Student_2604,CSE,2020,3
1773,Student_261,ECE,2020,3
6397,Student_2612,MTech-AI,2020,3
3172,Student_2620,MTech-CSE,2020,1
MT25363,Student_2625,MTech-CSE,2020,2
3335,Student_2627,MTech-AI,2020,1
6492,Student_2635,ECE,2020,2
MT24374,Student_2636,ECE,2020,2
MT25607,Student_2639,CSE,2020,2
7178,Student_2645,MTech-CSE,2020,2
2461,Student_2649,ECE,2020,2
1549,Student_2657,MTech-AI,2020,3
4050,Student_2660,MTech-AI,2020,1
MT22930,Student_2662,MTech-CSE,2020,1
MT21814,Student_2665,CSE,2020,3
MT25944,Student_2668,MTech-CSE,2020,2
8904,Student_2674,CSE,2020,2
MT24310,Student_2678,ECE,2020,1
MT25553,Student_2679,MTech-AI,2020,1
MT24702,Student_2684,MTech-AI,2020,1
MT25942,Student_2693,ECE,2020,2
5344,Student_2702,ECE,2020,1
9943,Student_2721,ECE,2020,2
4929,Student_2735,MTech-AI,2020,3
4159,Student_2744,MTech-CSE,2020,2
MT24134,Student_2748,ECE,2020,2
MT22043,Student_2750,ECE,2020,2
MT24233,Student_2751,MTech-AI,2020,3
4023,Student_2756,MTech-AI,2020,2
4349,Student_2758,ECE,2020,2
MT23408,Student_276,MTech-AI,2020,1
7521,Student_2762,CSE,2020,1
MT23047,Student_2774,ECE,2020,1
MT23079,Student_2779,MTech-CSE,2020,3
8597,Student_2785,CSE,2020,3
5838,Student_2795,ECE,2020,2
MT24072,Student_2799,MTech-CSE,2020,1
MT24444,Student_2806,ECE,2020,3
7343,Student_2810,MTech-CSE,2020,1
MT24204,Student_2811,CSE,2020,2
1929,Student_2812,MTech-CSE,2020,3
3613,Student_2814,MTech-AI,2020,1
7595,Student_2821,ECE,2020,2
6852,Student_2828,ECE,2020,1
3725,Student_2829,CSE,2020,1
7771,Student_2835,MTech-CSE,2020,3
4202,Student_284,CSE,2020,2
MT24240,Student_285,ECE,2020,2
8620,Student_2865,MTech-CSE,2020,3
MT21712,Student_2866,ECE,2020,2
5768,Student_2868,CSE,2020,2
9445,Student_2886,MTech-CSE,2020,1
2657,Student_289,ECE,2020,3
2022,Student_2894,MTech-CSE,2020,3
MT21914,Student_2899,ECE,2020,3
MT23507,Student_2903,ECE,2020,1
7459,Student_2904,CSE,2020,3
MT21165,Student_291,MTech-CSE,2020,1
7629,Student_2916,ECE,2020,1
5722,Student_2928,MTech-CSE,2020,2
9291,Student_2929,ECE,2020,2
9947,Student_2941,ECE,2020,2
1442,Student_2945,CSE,2020,1
MT21648,Student_2950,CSE,2020,3
MT24927,Student_2970,MTech-AI,2020,3
7189,Student_2974,CSE,2020,1
MT23638,Student_2976,MTech-CSE,2020,2
4206,Student_2988,MTech-AI,2020,1
MT23646,Student_3,MTech-CSE,2020,3
8162,Student_301,MTech-AI,2020,1
MT25666,Student_302,MTech-AI,2020,1
5904,Student_307,MTech-CSE,2020,3
2358,Student_311,MTech-CSE,2020,1
MT24057,Student_315,CSE,2020,3
MT21935,Student_32,CSE,2020,3
5232,Student_324,MTech-AI,2020,2
5564,Student_327,MTech-AI,2020,3
MT24950,Student_330,CSE,2020,3
MT21224,Student_333,MTech-CSE,2020,3
MT22944,Student_346,MTech-AI,2020,3
1109,Student_35,ECE,2020,1
MT22517,Student_350,MTech-AI,2020,3
7659,Student_351,MTech-AI,2020,1
MT21990,Student_353,CSE,2020,3
MT24322,Student_359,MTech-AI,2020,2
8807,Student_361,ECE,2020,1
2898,Student_362,ECE,2020,1
2441,Student_364,MTech-AI,2020,3
4746,Student_368,CSE,2020,2
9307,Student_37,ECE,2020,2
3298,Student_376,CSE,2020,2
MT21099,Student_384,CSE,2020,1
MT22797,Student_388,MTech-AI,2020,2
8528,Student_389,ECE,2020,1
MT23849,Student_393,MTech-CSE,2020,3
1003,Student_394,CSE,2020,3
6375,Student_40,ECE,2020,3
6461,Student_401,MTech-AI,2020,1
MT25568,Student_402,MTech-AI,2020,2
2302,Student_404,MTech-CSE,2020,2
MT23052,Student_41,MTech-CSE,2020,3
MT25278,Student_413,ECE,2020,2
6120,Student_414,MTech-CSE,2020,1
7269,Student_423,ECE,2020,3
MT24038,Student_426,MTech-CSE,2020,1
8484,Student_427,ECE,2020,3
6970,Student_43,MTech-AI,2020,2
3534,Student_433,MTech-CSE,2020,2
MT22570,Student_437,MTech-AI,2020,2
3444,Student_447,CSE,2020,2
MT25009,Student_448,MTech-AI,2020,3
MT23914,Student_449,MTech-CSE,2020,3
9614,Student_450,CSE,2020,1
MT21025,Student_457,MTech-AI,2020,1
MT25699,Student_461,MTech-AI,2020,1
7434,Student_468,CSE,2020,3
2646,Student_470,MTech-AI,2020,2
MT22884,Student_475,ECE,2020,1
4670,Student_49,MTech-AI,2020,2
MT21191,Student_493,MTech-AI,2020,3
MT21347,Student_512,CSE,2020,1
MT22074,Student_516,CSE,2020,2
8637,Student_524,MTech-AI,2020,3
MT23922,Student_528,CSE,2020,3
4003,Student_53,CSE,2020,1
MT22537,Student_530,MTech-CSE,2020,2
1915,Student_535,MTech-AI,2020,1
MT21152,Student_536,CSE,2020,2
MT23368,Student_540,ECE,2020,3
MT24313,Student_546,MTech-CSE,2020,3
5662,Student_547,CSE,2020,1
6300,Student_552,MTech-AI,2020,2
3898,Student_558,MTech-AI,2020,1
3171,Student_561,ECE,2020,3
2594,Student_57,ECE,2020,3
3567,Student_588,MTech-CSE,2020,2
3119,Student_595,MTech-CSE,2020,1
MT21980,Student_597,ECE,2020,1
9414,Student_598,MTech-AI,2020,1
7513,Student_607,MTech-CSE,2020,3
MT24317,Student_609,ECE,2020,1
MT22111,Student_61,CSE,2020,3
1216,Student_618,ECE,2020,2
MT23076,Student_621,MTech-CSE,2020,1
3263,Student_622,ECE,2020,1
MT24802,Student_623,MTech-AI,2020,2
8385,Student_626,MTech-AI,2020,1
8181,Student_628,MTech-AI,2020,3
MT21834,Student_630,MTech-AI,2020,3
9560,Student_636,ECE,2020,2
MT24103,Student_637,MTech-CSE,2020,2
MT21577,Student_641,MTech-AI,2020,2
MT25577,Student_648,MTech-CSE,2020,3
MT25767,Student_649,ECE,2020,3
5735,Student_65,MTech-CSE,2020,2
MT25801,Student_650,ECE,2020,2
MT24839,Student_654,MTech-CSE,2020,2
MT24791,Student_655,ECE,2020,2
MT21173,Student_658,CSE,2020,2
5140,Student_659,MTech-CSE,2020,1
MT23352,Student_67,MTech-AI,2020,1
1398,Student_687,MTech-AI,2020,2
MT23491,Student_688,MTech-AI,2020,2
3451,Student_689,MTech-AI,2020,2
3601,Student_696,MTech-CSE,2020,1
4639,Student_698,CSE,2020,2
MT23165,Student_701,ECE,2020,2
MT22767,Student_704,ECE,2020,2
4219,Student_705,MTech-AI,2020,3
MT21950,Student_706,ECE,2020,3
6471,Student_707,MTech-CSE,2020,3
MT21287,Student_710,CSE,2020,3
MT25795,Student_713,MTech-AI,2020,2
3264,Student_715,ECE,2020,1
MT21083,Student_72,CSE,2020,1
5980,Student_721,MTech-CSE,2020,2
2345,Student_724,CSE,2020,1
MT23337,Student_728,ECE,2020,3
MT23895,Student_729,MTech-CSE,2020,3
MT21388,Student_738,MTech-AI,2020,2
MT23549,Student_739,MTech-AI,2020,3
1606,Student_74,MTech-CSE,2020,2
MT21653,Student_743,ECE,2020,3
5513,Student_749,MTech-CSE,2020,3
3419,Student_758,ECE,2020,3
MT23937,Student_761,MTech-CSE,2020,3
5054,Student_762,MTech-AI,2020,3
MT25971,Student_765,MTech-CSE,2020,3
MT25350,Student_772,ECE,2020,3
5471,Student_777,MTech-AI,2020,3
1401,Student_782,ECE,2020,2
MT25503,Student_789,CSE,2020,2
MT25351,Student_791,ECE,2020,2
4337,Student_797,ECE,2020,1
MT25464,Student_798,ECE,2020,2
5925,Student_799,MTech-CSE,2020,3
MT22547,Student_80,MTech-CSE,2020,2
8765,Student_801,MTech-CSE,2020,3
5438,Student_802,MTech-AI,2020,2
2113,Student_808,MTech-AI,2020,2
MT21660,Student_810,MTech-AI,2020,2
5763,Student_812,MTech-AI,2020,2
MT24764,Student_814,CSE,2020,3
MT23912,Student_82,MTech-AI,2020,3
MT24528,Student_833,ECE,2020,2
4058,Student_842,MTech-CSE,2020,1
7047,Student_845,ECE,2020,1
MT25208,Student_85,ECE,2020,2
9205,Student_856,CSE,2020,3
6705,Student_862,MTech-CSE,2020,3
MT24386,Student_865,ECE,2020,3
MT23651,Student_867,CSE,2020,1
MT22903,Student_872,ECE,2020,2
5628,Student_875,MTech-AI,2020,2
MT23766,Student_880,MTech-CSE,2020,2
MT22414,Student_885,MTech-AI,2020,2
5270,Student_891,MTech-CSE,2020,2
6304,Student_893,MTech-CSE,2020,2
MT24752,Student_901,CSE,2020,1
MT25546,Student_907,MTech-AI,2020,3
MT21940,Student_913,CSE,2020,1
MT24932,Student_920,MTech-CSE,2020,1
MT24842,Student_924,CSE,2020,3
1506,Student_927,ECE,2020,2
4398,Student_929,CSE,2020,3
6309,Student_93,ECE,2020,1
6850,Student_935,MTech-CSE,2020,1
MT23511,Student_937,CSE,2020,3
MT22887,Student_94,ECE,2020,2
2579,Student_946,CSE,2020,3
6759,Student_954,CSE,2020,1
8047,Student_957,ECE,2020,2
9879,Student_959,MTech-CSE,2020,3
MT24269,Student_962,MTech-CSE,2020,1
7938,Student_964,ECE,2020,2
3075,Student_969,MTech-CSE,2020,1
MT25388,Student_97,ECE,2020,1
MT23584,Student_971,CSE,2020,3
1180,Student_973,CSE,2020,3
MT24754,Student_974,MTech-AI,2020,3
MT25614,Student_976,CSE,2020,1
MT23098,Student_987,CSE,2020,2
MT24956,Student_99,MTech-AI,2020,2
MT25147,Student_993,MTech-CSE,2020,1
9728,Student_995,ECE,2020,3
1513,Student_1,CSE,2021,3
7803,Student_1000,MTech-CSE,2021,2
MT24330,Student_1001,MTech-CSE,2021,2
MT21810,Student_1012,MTech-AI,2021,1
5149,Student_1025,MTech-AI,2021,2
2009,Student_1027,MTech-AI,2021,3
MT23866,Student_1028,ECE,2021,3
2457,Student_1034,ECE,2021,1
MT24236,Student_1038,CSE,2021,1
5195,Student_104,MTech-CSE,2021,1
5611,Student_1046,MTech-AI,2021,3
9374,Student_1052,MTech-CSE,2021,1
4696,Student_1054,ECE,2021,3
4833,Student_1059,CSE,2021,3
MT25109,Student_106,MTech-CSE,2021,2
MT23932,Student_1065,ECE,2021,3
MT25326,Student_1067,MTech-AI,2021,2
MT21513,Student_108,ECE,2021,1
2768,Student_109,CSE,2021,2
MT24781,Student_1090,CSE,2021,1
4849,Student_1091,MTech-CSE,2021,2
MT25389,Student_1099,ECE,2021,3
1629,Student_1102,MTech-AI,2021,2
9914,Student_1112,CSE,2021,1
MT21138,Student_1118,CSE,2021,3
MT25088,Student_1120,MTech-AI,2021,2
8723,Student_1122,MTech-CSE,2021,1
MT24452,Student_113,ECE,2021,2
MT22567,Student_1137,MTech-AI,2021,1
6246,Student_1138,MTech-AI,2021,2
MT24216,Student_1142,MTech-AI,2021,2
7249,Student_1148,MTech-AI,2021,2
MT21009,Student_115,CSE,2021,3
MT24168,Student_1150,MTech-AI,2021,3
MT22607,Student_1156,MTech-CSE,2021,1
5134,Student_1158,CSE,2021,2
1540,Student_1160,ECE,2021,2
9381,Student_1178,MTech-CSE,2021,2
6742,Student_1185,ECE,2021,3
5896,Student_1186,MTech-CSE,2021,1
6251,Student_1187,CSE,2021,3
8342,Student_1196,MTech-CSE,2021,3
MT21540,Student_1198,CSE,2021,1
MT23617,Student_1200,CSE,2021,3
MT25164,Student_1205,MTech-CSE,2021,3
4603,Student_1208,ECE,2021,2
6084,Student_1210,ECE,2021,2
7507,Student_1212,MTech-AI,2021,3
MT23698,Student_1214,MTech-CSE,2021,1
MT22244,Student_1215,MTech-AI,2021,3
6224,Student_1217,CSE,2021,3
MT24224,Student_1222,CSE,2021,1
MT22668,Student_1223,MTech-AI,2021,3
MT21973,Student_1233,ECE,2021,1
MT22890,Student_1243,ECE,2021,1
MT22643,Student_1247,MTech-CSE,2021,3
3564,Student_1251,MTech-CSE,2021,3
5801,Student_126,MTech-AI,2021,1
9674,Student_1266,MTech-CSE,2021,2
MT22667,Student_1267,ECE,2021,1
1125,Student_1268,CSE,2021,2
MT22961,Student_1272,ECE,2021,3
3290,Student_1276,ECE,2021,2
MT25830,Student_1281,CSE,2021,3
6345,Student_1284,CSE,2021,3
2490,Student_1286,ECE,2021,2
MT23716,Student_1293,ECE,2021,1
MT24985,Student_1294,MTech-AI,2021,1
1272,Student_1295,MTech-CSE,2021,1
MT21514,Student_1303,MTech-CSE,2021,3
MT25741,Student_1307,MTech-AI,2021,1
9534,Student_1315,MTech-AI,2021,3
2839,Student_1321,CSE,2021,2
MT23886,Student_1330,MTech-AI,2021,3
4156,Student_134,CSE,2021,2
2501,Student_1344,MTech-AI,2021,1
MT23676,Student_1353,CSE,2021,3
3338,Student_1360,CSE,2021,1
MT24039,Student_1365,MTech-AI,2021,3
MT22268,Student_1368,MTech-AI,2021,2
1570,Student_1378,ECE,2021,2
8115,Student_1381,CSE,2021,1
5536,Student_1388,MTech-CSE,2021,2
MT22024,Student_1398,CSE,2021,3
MT25725,Student_1401,CSE,2021,2
MT22827,Student_1407,CSE,2021,1
MT23639,Student_1411,MTech-CSE,2021,1
5207,Student_1417,MTech-AI,2021,3
9594,Student_1422,ECE,2021,2
MT22538,Student_1428,CSE,2021,1
MT25632,Student_143,MTech-CSE,2021,3
1058,Student_1436,MTech-CSE,2021,3
MT25832,Student_1439,CSE,2021,3
7572,Student_1443,MTech-CSE,2021,2
6218,Student_1444,ECE,2021,2
MT23122,Student_1447,MTech-AI,2021,1
MT25506,Student_1449,MTech-CSE,2021,1
MT21115,Student_145,ECE,2021,1
6427,Student_1454,MTech-AI,2021,2
4453,Student_1461,ECE,2021,3
5170,Student_1464,CSE,2021,1
MT24707,Student_1469,MTech-AI,2021,1
MT22753,Student_1479,MTech-AI,2021,1
MT25472,Student_1486,CSE,2021,2
MT21492,Student_1489,MTech-CSE,2021,1
4963,Student_1496,MTech-AI,2021,1
8623,Student_1508,MTech-AI,2021,3
6249,Student_151,ECE,2021,2
MT25694,Student_1510,ECE,2021,2
MT23772,Student_1516,ECE,2021,2
3982,Student_1529,CSE,2021,3
8368,Student_1534,ECE,2021,3
7820,Student_1536,CSE,2021,3
3858,Student_1541,CSE,2021,2
MT22302,Student_1546,CSE,2021,3
MT23176,Student_1563,ECE,2021,1
MT24957,Student_1573,MTech-CSE,2021,2
MT25747,Student_1576,MTech-CSE,2021,2
9357,Student_158,CSE,2021,3
9419,Student_1580,MTech-AI,2021,3
MT24700,Student_1581,MTech-CSE,2021,2
MT21447,Student_1583,ECE,2021,2
6085,Student_159,MTech-CSE,2021,2
5370,Student_1590,MTech-CSE,2021,1
1142,Student_1595,CSE,2021,2
MT21390,Student_1599,CSE,2021,3
MT25022,Student_16,MTech-CSE,2021,1
MT21181,Student_160,ECE,2021,3
6587,Student_1603,MTech-AI,2021,1
7929,Student_1604,MTech-CSE,2021,1
MT23682,Student_1631,CSE,2021,1
2508,Student_1634,MTech-AI,2021,3
5962,Student_1637,ECE,2021,2
MT23168,Student_1645,ECE,2021,2
MT21153,Student_1648,MTech-AI,2021,1
1708,Student_1652,ECE,2021,1
4470,Student_1655,MTech-AI,2021,3
MT21893,Student_1659,MTech-CSE,2021,1
MT21716,Student_1661,MTech-CSE,2021,2
MT22072,Student_1666,CSE,2021,1
MT25738,Student_1667,ECE,2021,2
7354,Student_1677,MTech-CSE,2021,2
MT24645,Student_1679,ECE,2021,3
7138,Student_1684,ECE,2021,2
MT22960,Student_1686,MTech-CSE,2021,3
3588,Student_1687,MTech-AI,2021,2
MT25123,Student_1695,MTech-CSE,2021,1
2696,Student_1699,ECE,2021,3
MT23799,Student_1702,MTech-AI,2021,1
MT22017,Student_1712,ECE,2021,3
MT22442,Student_1717,MTech-CSE,2021,2
1871,Student_1728,MTech-AI,2021,3
9992,Student_1732,ECE,2021,2
MT25781,Student_1733,MTech-AI,2021,3
2827,Student_1734,MTech-AI,2021,1
MT23905,Student_1738,MTech-CSE,2021,2
3685,Student_1740,ECE,2021,1
6802,Student_1741,MTech-AI,2021,3
3382,Student_1745,CSE,2021,2
7903,Student_1756,CSE,2021,3
MT25757,Student_1757,CSE,2021,2
MT24838,Student_1759,ECE,2021,3
2227,Student_176,MTech-AI,2021,1
8469,Student_1768,MTech-AI,2021,1
3609,Student_1771,MTech-CSE,2021,1
MT22008,Student_1786,CSE,2021,2
MT23717,Student_181,MTech-AI,2021,2
5127,Student_1811,ECE,2021,2
8972,Student_1815,MTech-CSE,2021,3
MT24211,Student_1827,MTech-AI,2021,2
MT25655,Student_1828,MTech-AI,2021,3
4640,Student_1842,CSE,2021,1
3729,Student_1844,ECE,2021,3
2109,Student_1847,ECE,2021,2
2856,Student_1849,MTech-CSE,2021,1
MT25328,Student_1851,MTech-CSE,2021,2
MT25209,Student_1857,MTech-AI,2021,2
9275,Student_1861,MTech-AI,2021,3
MT21626,Student_1869,CSE,2021,1
6799,Student_1881,MTech-CSE,2021,2
9841,Student_1889,MTech-CSE,2021,3
2421,Student_1893,ECE,2021,3
5108,Student_191,MTech-AI,2021,3
MT24543,Student_1910,CSE,2021,1
1237,Student_1915,MTech-CSE,2021,2
2870,Student_1916,MTech-AI,2021,3
MT21649,Student_192,MTech-CSE,2021,1
5507,Student_1921,CSE,2021,3
MT22525,Student_1923,ECE,2021,3
2339,Student_1928,MTech-AI,2021,2
MT22942,Student_1929,ECE,2021,1
MT23907,Student_1936,MTech-AI,2021,2
8714,Student_1937,ECE,2021,1
8185,Student_1943,MTech-CSE,2021,3
MT22304,Student_1944,MTech-CSE,2021,1
MT21516,Student_1945,MTech-CSE,2021,3
8952,Student_1946,ECE,2021,2
9870,Student_1950,CSE,2021,2
4373,Student_1954,MTech-AI,2021,2
MT21584,Student_1955,ECE,2021,2
MT25196,Student_1956,ECE,2021,1
2236,Student_1961,MTech-AI,2021,3
9159,Student_1963,ECE,2021,3
4554,Student_1964,CSE,2021,1
MT23694,Student_1968,ECE,2021,2
MT22666,Student_1969,MTech-AI,2021,2
MT22530,Student_1970,MTech-CSE,2021,2
2280,Student_1972,ECE,2021,2
5627,Student_1973,MTech-AI,2021,2
4134,Student_1980,ECE,2021,3
MT23410,Student_1991,MTech-CSE,2021,1
9202,Student_1992,CSE,2021,2
MT23028,Student_1993,ECE,2021,3
5039,Student_1994,CSE,2021,3
2987,Student_201,MTech-CSE,2021,1
MT22292,Student_2013,MTech-AI,2021,1
8257,Student_202,ECE,2021,1
6919,Student_2026,CSE,2021,1
7593,Student_2033,MTech-AI,2021,2
5850,Student_2036,MTech-CSE,2021,2
MT25096,Student_204,ECE,2021,1
2125,Student_2043,MTech-CSE,2021,2
1814,Student_2044,MTech-AI,2021,1
7440,Student_2045,MTech-AI,2021,2
MT25705,Student_205,ECE,2021,2
MT23431,Student_2050,ECE,2021,3
8831,Student_2052,ECE,2021,2
5002,Student_2058,MTech-CSE,2021,1
6976,Student_2063,MTech-AI,2021,3
4419,Student_2065,ECE,2021,2
4933,Student_2067,MTech-CSE,2021,2
4120,Student_2071,MTech-AI,2021,2
MT22504,Student_2072,CSE,2021,2
5849,Student_2088,MTech-AI,2021,2
MT23402,Student_2089,ECE,2021,1
7714,Student_209,MTech-AI,2021,2
2200,Student_2096,ECE,2021,2
6188,Student_2100,CSE,2021,3
MT25846,Student_2102,MTech-AI,2021,2
MT24343,Student_2105,MTech-AI,2021,3
5172,Student_2107,MTech-CSE,2021,1
8025,Student_2112,ECE,2021,1
9509,Student_212,MTech-AI,2021,1
MT25733,Student_2122,CSE,2021,2
MT23644,Student_2129,MTech-CSE,2021,1
1856,Student_2130,CSE,2021,1
4840,Student_2133,ECE,2021,2
MT21620,Student_2135,MTech-AI,2021,3
1780,Student_2143,CSE,2021,3
7692,Student_2147,CSE,2021,2
1588,Student_2153,MTech-CSE,2021,3
MT24268,Student_2154,CSE,2021,2
3785,Student_2163,ECE,2021,1
MT24259,Student_2173,MTech-CSE,2021,2
1208,Student_2174,MTech-AI,2021,1
MT23182,Student_2175,MTech-AI,2021,3
1178,Student_2183,MTech-AI,2021,1
3520,Student_2191,MTech-AI,2021,2
6790,Student_2196,MTech-CSE,2021,2
3274,Student_22,ECE,2021,1
MT21188,Student_2202,CSE,2021,3
6164,Student_2210,MTech-AI,2021,2
3715,Student_2228,ECE,2021,2
MT22321,Student_2231,ECE,2021,1
MT22833,Student_2233,MTech-CSE,2021,2
MT21070,Student_2235,CSE,2021,1
MT22148,Student_2239,MTech-CSE,2021,1
MT21755,Student_224,ECE,2021,2
8053,Student_2248,CSE,2021,2
MT21927,Student_2252,MTech-AI,2021,2
2251,Student_2253,MTech-CSE,2021,1
8186,Student_2255,CSE,2021,1
3703,Student_2259,MTech-AI,2021,1
6876,Student_2260,ECE,2021,2
MT21379,Student_2264,ECE,2021,1
MT23077,Student_2269,CSE,2021,3
3808,Student_227,MTech-CSE,2021,1
8611,Student_2271,ECE,2021,3
MT22939,Student_2277,CSE,2021,2
MT23248,Student_2280,CSE,2021,2
MT21035,Student_2287,ECE,2021,3
MT22064,Student_2289,CSE,2021,1
3208,Student_2299,ECE,2021,3
MT24325,Student_230,MTech-CSE,2021,2
7618,Student_2302,CSE,2021,1
6320,Student_2312,CSE,2021,3
MT22532,Student_2316,CSE,2021,2
1103,Student_2318,ECE,2021,1
MT23205,Student_232,MTech-AI,2021,2
5880,Student_2320,MTech-CSE,2021,3
9672,Student_2321,MTech-AI,2021,1
3824,Student_2328,CSE,2021,2
MT22981,Student_2329,MTech-CSE,2021,1
4550,Student_233,ECE,2021,2
7939,Student_2330,MTech-CSE,2021,1
8367,Student_2342,CSE,2021,1
MT24919,Student_2345,CSE,2021,2
MT24686,Student_2351,ECE,2021,1
3522,Student_2356,CSE,2021,2
1582,Student_2359,ECE,2021,2
MT25007,Student_236,ECE,2021,3
7117,Student_2365,ECE,2021,1
MT22296,Student_2367,CSE,2021,2
6133,Student_2373,MTech-AI,2021,2
3761,Student_2386,ECE,2021,2
9887,Student_2388,ECE,2021,1
MT21646,Student_2390,MTech-CSE,2021,2
MT25825,Student_240,MTech-AI,2021,1
4484,Student_2403,ECE,2021,3
MT21049,Student_2404,MTech-AI,2021,3
1971,Student_2416,ECE,2021,2
4324,Student_2419,ECE,2021,3
9538,Student_2423,MTech-CSE,2021,2
MT22734,Student_2425,MTech-CSE,2021,3
6612,Student_2432,CSE,2021,3
2633,Student_2437,MTech-AI,2021,1
MT23162,Student_244,ECE,2021,3
9758,Student_2442,MTech-CSE,2021,2
3781,Student_2447,MTech-AI,2021,1
MT24522,Student_2454,ECE,2021,1
MT22402,Student_246,CSE,2021,1
8864,Student_2464,MTech-CSE,2021,2
MT25676,Student_248,CSE,2021,3
4452,Student_2481,CSE,2021,3
MT22485,Student_2484,MTech-CSE,2021,3
MT21941,Student_2488,MTech-CSE,2021,2
9802,Student_2490,MTech-CSE,2021,2
MT21418,Student_2508,ECE,2021,3
7490,Student_2509,MTech-CSE,2021,3
6566,Student_2517,MTech-AI,2021,2
1754,Student_2519,ECE,2021,2
MT21226,Student_252,MTech-CSE,2021,2
1264,Student_2524,MTech-AI,2021,1
MT25622,Student_2529,MTech-AI,2021,2
MT22369,Student_2535,CSE,2021,2
4403,Student_2537,MTech-AI,2021,3
8229,Student_2541,ECE,2021,3
MT22479,Student_2543,CSE,2021,2
MT25299,Student_2544,CSE,2021,1
1529,Student_2554,ECE,2021,2
7798,Student_2562,MTech-AI,2021,1
MT21166,Student_2575,CSE,2021,1
5983,Student_2579,ECE,2021,1
MT25428,Student_2581,CSE,2021,3
MT23813,Student_2582,ECE,2021,1
7102,Student_259,MTech-AI,2021,2
MT25593,Student_2592,CSE,2021,3
6180,Student_2593,MTech-AI,2021,2
6943,Student_2597,MTech-CSE,2021,3
MT23769,Student_2602,MTech-AI,2021,1
1968,Student_2610,MTech-CSE,2021,2
MT22891,Student_2611,CSE,2021,1
2450,Student_2613,ECE,2021,2
5166,Student_2615,ECE,2021,1
MT22875,Student_2617,MTech-AI,2021,3
MT21818,Student_262,ECE,2021,3
MT24395,Student_2626,MTech-CSE,2021,1
MT24714,Student_2629,ECE,2021,1
8813,Student_2632,CSE,2021,3
3960,Student_2633,CSE,2021,1
8753,Student_2634,CSE,2021,1
3696,Student_2640,ECE,2021,1
MT23867,Student_2647,MTech-CSE,2021,1
MT21193,Student_2651,MTech-AI,2021,2
MT24491,Student_2654,ECE,2021,1
6796,Student_2658,CSE,2021,3
1485,Student_266,ECE,2021,2
MT22757,Student_2661,MTech-AI,2021,3
MT22139,Student_267,MTech-CSE,2021,1
8933,Student_2675,MTech-AI,2021,3
MT22403,Student_268,ECE,2021,3
MT23358,Student_2680,MTech-AI,2021,1
3452,Student_2683,CSE,2021,1
MT23210,Student_2688,MTech-CSE,2021,3
9175,Student_2689,ECE,2021,1
MT21475,Student_2696,CSE,2021,2
5596,Student_2697,CSE,2021,1
4117,Student_2698,MTech-CSE,2021,1
8177,Student_2704,MTech-AI,2021,3
2334,Student_2705,MTech-CSE,2021,1
5088,Student_2707,MTech-CSE,2021,2
8982,Student_2718,CSE,2021,3
7074,Student_2720,CSE,2021,1
MT22874,Student_2724,ECE,2021,3
MT24807,Student_2728,MTech-CSE,2021,1
MT25874,Student_2729,ECE,2021,3
7397,Student_2731,CSE,2021,3
MT23487,Student_2742,ECE,2021,1
4504,Student_2745,ECE,2021,3
3101,Student_2755,MTech-CSE,2021,2
1022,Student_2757,ECE,2021,1
5029,Student_2765,CSE,2021,2
9908,Student_2766,MTech-AI,2021,1
MT25157,Student_277,ECE,2021,1
MT21265,Student_278,MTech-CSE,2021,3
5101,Student_2781,MTech-CSE,2021,2
8929,Student_2797,MTech-AI,2021,2
8547,Student_280,MTech-CSE,2021,3
MT25366,Student_2820,MTech-AI,2021,3
4883,Student_2824,MTech-CSE,2021,1
8021,Student_2825,MTech-CSE,2021,3
9235,Student_2833,MTech-CSE,2021,2
1013,Student_2837,MTech-CSE,2021,2
MT23830,Student_2839,ECE,2021,1
9176,Student_2840,CSE,2021,3
1637,Student_2848,CSE,2021,3
MT24244,Student_286,CSE,2021,2
2821,Student_2879,CSE,2021,1
MT25142,Student_2882,ECE,2021,2
MT24362,Student_2884,ECE,2021,3
MT21430,Student_2885,ECE,2021,3
MT23276,Student_2892,CSE,2021,1
MT24079,Student_2893,MTech-AI,2021,2
7569,Student_2897,MTech-AI,2021,3
MT21733,Student_29,CSE,2021,2
MT22600,Student_290,CSE,2021,3
4038,Student_2902,CSE,2021,3
4574,Student_2905,MTech-AI,2021,3
MT21809,Student_2906,MTech-CSE,2021,3
MT24349,Student_2907,MTech-CSE,2021,3
4983,Student_2914,MTech-AI,2021,3
3514,Student_2919,MTech-CSE,2021,2
MT25135,Student_2931,MTech-AI,2021,2
1188,Student_2936,ECE,2021,1
8433,Student_2937,ECE,2021,3
MT23039,Student_2940,CSE,2021,1
1904,Student_2948,ECE,2021,2
2067,Student_2949,CSE,2021,2
9593,Student_2952,MTech-AI,2021,2
9559,Student_2954,MTech-AI,2021,3
MT24282,Student_2955,ECE,2021,2
MT25101,Student_297,CSE,2021,2
MT25303,Student_2971,MTech-CSE,2021,2
6334,Student_298,MTech-CSE,2021,2
6183,Student_2983,ECE,2021,2
MT21468,Student_2992,CSE,2021,2
MT25760,Student_2993,MTech-CSE,2021,2
MT24691,Student_303,ECE,2021,2
6178,Student_304,CSE,2021,3
5470,Student_308,MTech-AI,2021,3
MT22911,Student_312,MTech-CSE,2021,2
7041,Student_313,MTech-CSE,2021,2
9529,Student_329,MTech-AI,2021,2
MT24120,Student_332,MTech-CSE,2021,1
MT25283,Student_336,MTech-AI,2021,2
MT21371,Student_343,MTech-CSE,2021,3
MT25423,Student_348,MTech-AI,2021,1
MT21127,Student_36,ECE,2021,2
1515,Student_360,MTech-CSE,2021,3
8479,Student_367,MTech-AI,2021,2
MT22733,Student_378,MTech-CSE,2021,2
MT23735,Student_383,CSE,2021,3
MT22432,Student_387,MTech-CSE,2021,2
MT22495,Student_395,MTech-CSE,2021,2
MT22658,Student_396,MTech-AI,2021,2
1921,Student_399,MTech-AI,2021,2
4028,Student_417,CSE,2021,1
7969,Student_424,ECE,2021,3
MT21240,Student_432,MTech-AI,2021,1
MT25814,Student_434,MTech-AI,2021,3
4124,Student_435,CSE,2021,2
1590,Student_440,MTech-CSE,2021,3
MT21061,Student_45,MTech-CSE,2021,1
1052,Student_451,MTech-CSE,2021,2
MT25032,Student_456,MTech-AI,2021,2
MT25714,Student_459,MTech-CSE,2021,1
3990,Student_463,ECE,2021,3
4265,Student_466,CSE,2021,3
MT22533,Student_477,MTech-AI,2021,3
MT21906,Student_485,MTech-CSE,2021,2
7833,Student_487,MTech-AI,2021,2
MT22711,Student_488,MTech-AI,2021,1
MT25471,Student_490,MTech-AI,2021,2
7080,Student_498,ECE,2021,1
MT24140,Student_499,CSE,2021,3
4715,Student_504,MTech-CSE,2021,1
7447,Student_507,MTech-CSE,2021,1
9577,Student_510,CSE,2021,1
MT23417,Student_519,ECE,2021,1
MT24356,Student_527,MTech-AI,2021,1
MT25611,Student_529,ECE,2021,3
9212,Student_533,CSE,2021,2
MT21674,Student_537,MTech-CSE,2021,3
6735,Student_542,MTech-CSE,2021,2
3102,Student_544,MTech-AI,2021,2
8266,Student_551,MTech-AI,2021,1
3504,Student_563,ECE,2021,2
MT21479,Student_564,CSE,2021,2
MT22249,Student_566,CSE,2021,2
MT25433,Student_571,CSE,2021,1
1805,Student_58,CSE,2021,1
MT23072,Student_580,MTech-AI,2021,3
MT25753,Student_593,ECE,2021,2
MT25314,Student_599,ECE,2021,2
3009,Student_601,MTech-CSE,2021,3
1456,Student_603,CSE,2021,3
MT24926,Student_608,MTech-CSE,2021,1
9238,Student_62,CSE,2021,1
MT25759,Student_625,MTech-AI,2021,3
6724,Student_627,MTech-AI,2021,3
3282,Student_632,CSE,2021,3
MT22785,Student_635,MTech-CSE,2021,1
6175,Student_652,CSE,2021,3
1983,Student_660,ECE,2021,2
4468,Student_662,ECE,2021,1
6273,Student_668,MTech-CSE,2021,2
7776,Student_671,MTech-CSE,2021,3
4536,Student_672,ECE,2021,3
4671,Student_677,MTech-CSE,2021,1
4150,Student_679,MTech-CSE,2021,1
8048,Student_682,CSE,2021,1
MT23556,Student_685,MTech-CSE,2021,2
MT25723,Student_686,CSE,2021,2
2046,Student_69,MTech-AI,2021,1
9037,Student_693,CSE,2021,3
MT22882,Student_7,MTech-CSE,2021,3
MT24659,Student_702,CSE,2021,1
4959,Student_711,CSE,2021,1
2664,Student_712,CSE,2021,1
5589,Student_725,CSE,2021,3
3240,Student_733,CSE,2021,1
MT21807,Student_736,ECE,2021,3
6765,Student_737,MTech-AI,2021,2
MT22141,Student_747,ECE,2021,2
6373,Student_751,MTech-CSE,2021,2
MT23037,Student_752,MTech-AI,2021,2
4815,Student_753,MTech-AI,2021,2
MT25986,Student_754,MTech-CSE,2021,2
7129,Student_756,CSE,2021,3
7743,Student_763,MTech-AI,2021,2
4842,Student_764,ECE,2021,3
MT24542,Student_767,MTech-AI,2021,1
5421,Student_769,ECE,2021,3
4256,Student_77,ECE,2021,2
MT21424,Student_78,MTech-AI,2021,3
MT23377,Student_780,MTech-AI,2021,2
MT21557,Student_792,ECE,2021,2
5932,Student_795,ECE,2021,2
8991,Student_804,MTech-CSE,2021,1
MT24665,Student_809,ECE,2021,2
MT22878,Student_815,MTech-AI,2021,2
MT24767,Student_817,ECE,2021,2
MT24181,Student_821,CSE,2021,3
7131,Student_828,MTech-AI,2021,3
9086,Student_83,CSE,2021,3
2512,Student_835,ECE,2021,2
3480,Student_836,CSE,2021,3
MT24768,Student_844,MTech-AI,2021,1
5858,Student_846,MTech-AI,2021,3
1298,Student_850,MTech-CSE,2021,2
MT25517,Student_851,MTech-CSE,2021,3
3673,Student_854,ECE,2021,3
8222,Student_855,ECE,2021,1
3153,Student_863,MTech-AI,2021,2
MT22969,Student_873,ECE,2021,3
MT21474,Student_877,MTech-CSE,2021,3
2817,Student_88,CSE,2021,1
MT23215,Student_882,MTech-AI,2021,3
MT22825,Student_886,MTech-CSE,2021,3
3072,Student_890,MTech-CSE,2021,1
MT23241,Student_892,MTech-CSE,2021,1
MT21503,Student_896,MTech-AI,2021,3
8516,Student_899,CSE,2021,1
MT21536,Student_90,ECE,2021,3
MT23111,Student_91,CSE,2021,3
MT21827,Student_910,ECE,2021,3
MT22756,Student_912,CSE,2021,2
6865,Student_921,ECE,2021,1
3023,Student_922,MTech-CSE,2021,2
MT22689,Student_930,MTech-CSE,2021,2
6740,Student_939,CSE,2021,1
6077,Student_942,CSE,2021,3
MT23347,Student_951,ECE,2021,3
MT21631,Student_955,CSE,2021,2
7436,Student_958,ECE,2021,1
MT23311,Student_96,ECE,2021,3
MT23669,Student_965,MTech-AI,2021,3
MT21017,Student_968,ECE,2021,3
3961,Student_970,MTech-CSE,2021,1
3866,Student_975,MTech-CSE,2021,3
1804,Student_981,MTech-CSE,2021,1
5304,Student_988,MTech-CSE,2021,1
4267,Student_994,CSE,2021,2
3141,Student_998,MTech-AI,2021,1
MT21021,Student_1002,MTech-AI,2022,1
7991,Student_1010,ECE,2022,1
MT21174,Student_1015,ECE,2022,1
2355,Student_102,ECE,2022,3
MT24193,Student_1030,MTech-AI,2022,1
6691,Student_1032,CSE,2022,3
MT23036,Student_1033,ECE,2022,2
MT21384,Student_1035,MTech-AI,2022,2
MT24738,Student_1042,MTech-CSE,2022,3
4531,Student_1043,MTech-CSE,2022,3
MT22941,Student_1044,MTech-CSE,2022,3
MT23711,Student_1049,ECE,2022,3
7213,Student_1050,ECE,2022,1
6794,Student_1051,CSE,2022,3
6979,Student_1055,MTech-CSE,2022,1
MT21877,Student_1058,CSE,2022,3
MT21001,Student_107,CSE,2022,1
6100,Student_1070,MTech-AI,2022,3
MT24314,Student_1075,CSE,2022,1
5189,Student_1089,MTech-CSE,2022,3
4751,Student_1106,MTech-CSE,2022,1
MT24680,Student_1109,MTech-CSE,2022,2
MT22523,Student_1123,ECE,2022,3
MT22090,Student_1124,MTech-CSE,2022,3
3052,Student_1141,ECE,2022,1
6210,Student_1155,MTech-AI,2022,2
1768,Student_1165,CSE,2022,3
MT24676,Student_1172,ECE,2022,1
1066,Student_1189,MTech-CSE,2022,1
MT23609,Student_1195,MTech-CSE,2022,2
MT22576,Student_120,ECE,2022,3
MT23853,Student_1209,MTech-CSE,2022,3
MT21915,Student_1213,MTech-CSE,2022,3
7808,Student_1218,CSE,2022,3
4303,Student_1224,MTech-CSE,2022,1
2001,Student_1226,CSE,2022,2
MT25023,Student_1227,MTech-AI,2022,2
MT25518,Student_123,MTech-AI,2022,1
MT25888,Student_1230,MTech-AI,2022,2
3619,Student_1231,ECE,2022,3
MT24250,Student_1232,CSE,2022,1
MT24999,Student_1235,MTech-AI,2022,3
5023,Student_124,MTech-CSE,2022,2
2458,Student_1245,CSE,2022,1
MT22913,Student_1253,ECE,2022,1
MT22876,Student_1256,MTech-AI,2022,2
MT24104,Student_1258,MTech-AI,2022,1
MT24146,Student_1259,MTech-AI,2022,2
MT23613,Student_1263,ECE,2022,2
7700,Student_1265,MTech-AI,2022,1
6104,Student_1271,CSE,2022,1
7288,Student_1274,CSE,2022,2
MT21046,Student_1279,MTech-AI,2022,1
9259,Student_1282,MTech-AI,2022,1
8681,Student_1297,MTech-CSE,2022,3
8586,Student_1299,CSE,2022,1
MT25626,Student_1301,MTech-AI,2022,1
MT25956,Student_1304,ECE,2022,3
MT21709,Student_1314,ECE,2022,3
MT24964,Student_1317,MTech-CSE,2022,3
MT23405,Student_1318,ECE,2022,1
MT23033,Student_1327,CSE,2022,1
MT25460,Student_1328,CSE,2022,2
MT24175,Student_1339,ECE,2022,1
MT21522,Student_1346,MTech-CSE,2022,2
4241,Student_1347,ECE,2022,1
3162,Student_1352,CSE,2022,1
MT23513,Student_1354,MTech-AI,2022,1
8886,Student_1359,MTech-CSE,2022,1
MT22388,Student_1361,MTech-CSE,2022,2
4621,Student_1364,MTech-CSE,2022,2
MT24214,Student_1366,CSE,2022,1
3539,Student_137,MTech-AI,2022,3
6117,Student_1372,ECE,2022,2
2301,Student_1376,ECE,2022,3
MT24610,Student_1386,ECE,2022,1
MT23570,Student_1389,MTech-CSE,2022,2
MT22052,Student_1394,MTech-AI,2022,3
4399,Student_1395,MTech-CSE,2022,3
2766,Student_140,ECE,2022,2
MT22716,Student_1400,ECE,2022,1
7356,Student_1406,CSE,2022,2
MT25731,Student_1410,MTech-CSE,2022,2
7078,Student_1412,ECE,2022,2
MT24497,Student_1413,CSE,2022,3
MT25792,Student_1431,MTech-CSE,2022,3
MT23510,Student_1433,CSE,2022,2
8417,Student_1437,CSE,2022,3
8061,Student_144,ECE,2022,1
6013,Student_1440,ECE,2022,2
2767,Student_1441,CSE,2022,3
2455,Student_1445,MTech-CSE,2022,2
6543,Student_1455,MTech-AI,2022,2
MT25501,Student_1459,CSE,2022,1
MT21012,Student_146,MTech-CSE,2022,2
MT25306,Student_1476,MTech-CSE,2022,2
MT24494,Student_1478,MTech-CSE,2022,2
MT25983,Student_1480,CSE,2022,1
MT22143,Student_1485,ECE,2022,2
1049,Student_1487,ECE,2022,3
MT21117,Student_1490,MTech-AI,2022,2
MT21201,Student_1493,MTech-CSE,2022,3
9959,Student_1495,MTech-AI,2022,2
1313,Student_1497,MTech-CSE,2022,1
8812,Student_1499,ECE,2022,2
4000,Student_1501,CSE,2022,1
MT25526,Student_1509,ECE,2022,3
1989,Student_1513,ECE,2022,3
MT25265,Student_152,MTech-AI,2022,3
MT24119,Student_1524,MTech-AI,2022,2
9293,Student_1525,MTech-AI,2022,2
1750,Student_1527,MTech-CSE,2022,1
MT23761,Student_1528,MTech-CSE,2022,2
MT25719,Student_1535,MTech-AI,2022,3
MT22352,Student_154,MTech-CSE,2022,3
MT25054,Student_1540,ECE,2022,3
6641,Student_1548,MTech-AI,2022,2
2077,Student_1560,MTech-AI,2022,3
MT24437,Student_1562,MTech-AI,2022,1
5809,Student_1567,CSE,2022,1
4004,Student_1570,CSE,2022,1
7439,Student_1578,ECE,2022,2
2244,Student_1579,MTech-CSE,2022,1
2155,Student_1585,MTech-CSE,2022,3
2582,Student_1589,MTech-AI,2022,2
4099,Student_1596,ECE,2022,2
8537,Student_1601,CSE,2022,3
9434,Student_1606,MTech-CSE,2022,1
MT23565,Student_1611,MTech-CSE,2022,3
MT24370,Student_1616,ECE,2022,3
7441,Student_1621,CSE,2022,1
7742,Student_163,MTech-AI,2022,1
MT23585,Student_1638,MTech-AI,2022,3
9107,Student_1641,MTech-AI,2022,1
MT24746,Student_1644,ECE,2022,1
MT21705,Student_165,MTech-AI,2022,2
MT24770,Student_1658,MTech-CSE,2022,1
MT24994,Student_1660,MTech-CSE,2022,1
MT25072,Student_1662,MTech-AI,2022,2
MT23201,Student_1665,ECE,2022,1
MT25811,Student_1669,MTech-CSE,2022,2
MT25542,Student_167,CSE,2022,1
MT23550,Student_1675,MTech-CSE,2022,1
9747,Student_1685,MTech-AI,2022,2
7282,Student_1689,ECE,2022,3
MT25494,Student_169,MTech-CSE,2022,2
5516,Student_1691,MTech-CSE,2022,3
MT24068,Student_1696,CSE,2022,2
6313,Student_17,CSE,2022,1
MT21899,Student_170,CSE,2022,1
MT24784,Student_1703,ECE,2022,3
3592,Student_1710,CSE,2022,2
MT23066,Student_1718,CSE,2022,1
MT24684,Student_173,MTech-CSE,2022,1
4367,Student_1731,MTech-AI,2022,1
MT22873,Student_1739,MTech-AI,2022,1
MT24402,Student_1742,MTech-AI,2022,2
MT21605,Student_1746,CSE,2022,3
8920,Student_1747,ECE,2022,3
6787,Student_1751,ECE,2022,3
MT24012,Student_1760,CSE,2022,1
MT23309,Student_1763,ECE,2022,3
MT21277,Student_1769,ECE,2022,1
4155,Student_1772,CSE,2022,3
MT21569,Student_1780,MTech-CSE,2022,1
8985,Student_1781,CSE,2022,2
4053,Student_1783,CSE,2022,3
4544,Student_1784,ECE,2022,3
MT21029,Student_1788,ECE,2022,1
7165,Student_179,MTech-CSE,2022,2
9167,Student_1796,ECE,2022,2
9714,Student_1800,MTech-CSE,2022,2
MT25640,Student_1813,ECE,2022,2
MT23652,Student_1824,MTech-CSE,2022,2
7052,Student_1826,MTech-CSE,2022,1
2600,Student_1832,MTech-CSE,2022,2
MT23375,Student_1833,MTech-CSE,2022,1
1273,Student_1837,MTech-CSE,2022,1
MT24253,Student_1838,MTech-AI,2022,3
MT23366,Student_1840,CSE,2022,3
6781,Student_1841,MTech-CSE,2022,2
MT22142,Student_1855,MTech-CSE,2022,1
3925,Student_1856,MTech-CSE,2022,3
MT24092,Student_1858,ECE,2022,3
7688,Student_186,ECE,2022,2
MT22455,Student_1860,ECE,2022,3
MT25772,Student_1866,ECE,2022,2
MT24090,Student_1867,MTech-CSE,2022,3
MT23890,Student_1871,ECE,2022,2
MT24922,Student_1872,MTech-AI,2022,3
1847,Student_1877,MTech-AI,2022,3
6755,Student_1882,MTech-CSE,2022,3
3640,Student_1891,MTech-AI,2022,1
MT21698,Student_1892,ECE,2022,1
MT25309,Student_19,ECE,2022,2
8773,Student_1902,MTech-AI,2022,3
6913,Student_1907,MTech-AI,2022,2
MT21564,Student_1908,CSE,2022,1
MT23206,Student_1913,MTech-CSE,2022,1
MT25312,Student_1914,MTech-AI,2022,3
4801,Student_1917,ECE,2022,3
9388,Student_1919,MTech-CSE,2022,2
MT22384,Student_1926,MTech-CSE,2022,3
6344,Student_1930,MTech-CSE,2022,2
MT21214,Student_1952,MTech-CSE,2022,2
MT24795,Student_1965,ECE,2022,2
MT24913,Student_1978,ECE,2022,2
7834,Student_198,MTech-CSE,2022,3
9606,Student_1984,MTech-CSE,2022,1
MT23438,Student_1986,ECE,2022,1
1774,Student_200,MTech-CSE,2022,3
7202,Student_2000,ECE,2022,3
MT21953,Student_2001,CSE,2022,3
MT21007,Student_2002,MTech-AI,2022,3
9835,Student_2027,CSE,2022,1
3150,Student_2031,ECE,2022,1
MT22341,Student_2032,MTech-AI,2022,2
MT25573,Student_2038,CSE,2022,3
7015,Student_2042,MTech-AI,2022,2
MT22119,Student_2047,ECE,2022,1
1002,Student_2055,MTech-AI,2022,2
MT22124,Student_2059,MTech-AI,2022,3
MT21573,Student_206,ECE,2022,2
8741,Student_2064,CSE,2022,2
2896,Student_2073,ECE,2022,1
MT23939,Student_2074,CSE,2022,3
9468,Student_2077,MTech-AI,2022,2
8316,Student_2083,CSE,2022,2
MT22957,Student_2084,MTech-CSE,2022,1
2544,Student_2085,MTech-AI,2022,1
6822,Student_2094,MTech-AI,2022,2
MT25140,Student_2097,ECE,2022,3
MT23256,Student_2098,MTech-CSE,2022,3
1120,Student_2101,ECE,2022,1
MT24232,Student_2106,CSE,2022,1
3351,Student_2108,MTech-AI,2022,1
3491,Student_211,MTech-CSE,2022,3
6383,Student_2127,CSE,2022,1
MT21097,Student_213,CSE,2022,3
2176,Student_2132,MTech-CSE,2022,2
8447,Student_2136,CSE,2022,3
2171,Student_2138,MTech-CSE,2022,2
MT25931,Student_2141,MTech-AI,2022,2
4094,Student_2148,MTech-CSE,2022,1
3136,Student_2149,ECE,2022,2
1385,Student_2155,ECE,2022,1
9264,Student_2156,MTech-AI,2022,2
MT24462,Student_2166,MTech-AI,2022,1
MT22954,Student_2170,ECE,2022,3
1008,Student_2172,MTech-CSE,2022,1
5193,Student_2180,MTech-AI,2022,2
MT23181,Student_2181,MTech-CSE,2022,1
5136,Student_2187,CSE,2022,3
1104,Student_2192,ECE,2022,2
8980,Student_2197,ECE,2022,3
MT21786,Student_220,CSE,2022,3
3238,Student_2201,MTech-CSE,2022,1
MT23262,Student_2209,CSE,2022,2
4784,Student_2212,ECE,2022,2
6729,Student_2213,CSE,2022,3
4175,Student_2220,MTech-CSE,2022,2
MT21538,Student_2225,MTech-AI,2022,3
7582,Student_2230,MTech-AI,2022,3
6529,Student_2232,MTech-CSE,2022,1
7373,Student_2238,ECE,2022,2
MT24417,Student_2249,MTech-CSE,2022,3
1867,Student_2257,MTech-AI,2022,3
7027,Student_2261,MTech-CSE,2022,2
MT23230,Student_2268,CSE,2022,2
3907,Student_2283,MTech-CSE,2022,2
MT23901,Student_2284,MTech-CSE,2022,2
MT23226,Student_2285,CSE,2022,2
MT25528,Student_2288,MTech-CSE,2022,1
2183,Student_2293,CSE,2022,1
4951,Student_2301,MTech-CSE,2022,3
3387,Student_2304,CSE,2022,1
8109,Student_2307,ECE,2022,3
2041,Student_2309,ECE,2022,1
MT25575,Student_2313,ECE,2022,1
9583,Student_2317,MTech-CSE,2022,3
MT23790,Student_2326,ECE,2022,2
MT23516,Student_2343,MTech-CSE,2022,2
7322,Student_2348,CSE,2022,2
9515,Student_2349,CSE,2022,3
MT24637,Student_2355,MTech-CSE,2022,3
MT24588,Student_2357,MTech-CSE,2022,3
9847,Student_2363,MTech-AI,2022,3
MT22917,Student_2366,CSE,2022,1
5239,Student_2368,MTech-CSE,2022,2
7948,Student_2371,ECE,2022,1
MT23245,Student_2372,MTech-CSE,2022,2
MT22612,Student_2375,MTech-CSE,2022,2
1616,Student_2379,MTech-AI,2022,2
MT22800,Student_239,MTech-AI,2022,3
2038,Student_2394,ECE,2022,1
1173,Student_2395,ECE,2022,1
MT24848,Student_2401,ECE,2022,3
MT21427,Student_242,MTech-CSE,2022,2
8754,Student_2427,MTech-AI,2022,2
MT24734,Student_2430,MTech-AI,2022,1
MT25609,Student_2436,MTech-CSE,2022,2
MT23145,Student_2439,CSE,2022,3
3213,Student_2449,ECE,2022,2
MT25393,Student_2455,MTech-CSE,2022,2
9127,Student_2456,MTech-CSE,2022,3
MT24980,Student_2465,MTech-AI,2022,2
3764,Student_2468,MTech-CSE,2022,1
3188,Student_247,CSE,2022,3
2845,Student_2473,MTech-AI,2022,2
9827,Student_2476,ECE,2022,2
3309,Student_2480,MTech-AI,2022,3
MT23268,Student_2482,MTech-AI,2022,1
2348,Student_2483,CSE,2022,3
MT21352,Student_2494,ECE,2022,3
2857,Student_2499,MTech-CSE,2022,2
7130,Student_250,ECE,2022,2
MT24056,Student_2500,MTech-CSE,2022,3
MT25370,Student_2511,ECE,2022,1
6945,Student_2518,ECE,2022,3
MT23708,Student_2521,MTech-CSE,2022,3
MT25498,Student_2528,MTech-AI,2022,3
9745,Student_2533,CSE,2022,2
6253,Student_2534,MTech-AI,2022,3
4138,Student_2538,MTech-AI,2022,3
9135,Student_2540,ECE,2022,2
4994,Student_2547,MTech-CSE,2022,1
MT22298,Student_255,CSE,2022,3
MT22213,Student_2551,CSE,2022,3
6998,Student_2557,MTech-AI,2022,2
3646,Student_2561,MTech-CSE,2022,3
MT24312,Student_2565,MTech-AI,2022,2
MT23938,Student_2566,ECE,2022,2
3320,Student_2568,CSE,2022,2
MT23391,Student_257,ECE,2022,3
4692,Student_2570,MTech-CSE,2022,3
4514,Student_2583,CSE,2022,1
MT25633,Student_2599,ECE,2022,2
MT22407,Student_2603,MTech-AI,2022,1
MT21218,Student_2608,CSE,2022,2
2725,Student_2609,MTech-AI,2022,1
1053,Student_2618,MTech-AI,2022,2
MT24315,Student_2623,MTech-CSE,2022,1
6315,Student_263,CSE,2022,3
MT25139,Student_2631,MTech-AI,2022,3
MT25214,Student_264,MTech-AI,2022,2
MT25852,Student_2643,CSE,2022,2
9987,Student_2650,ECE,2022,2
9946,Student_2653,MTech-AI,2022,3
MT25966,Student_2663,MTech-AI,2022,1
5020,Student_2676,MTech-AI,2022,1
6292,Student_2681,MTech-CSE,2022,3
9042,Student_2686,ECE,2022,1
4436,Student_2690,MTech-AI,2022,1
2608,Student_270,ECE,2022,1
3780,Student_2706,MTech-AI,2022,3
MT23631,Student_2708,ECE,2022,3
1491,Student_2712,MTech-AI,2022,3
8126,Student_2713,MTech-CSE,2022,3
6488,Student_2719,CSE,2022,2
9901,Student_2726,MTech-CSE,2022,1
5392,Student_2727,MTech-AI,2022,1
4320,Student_2734,MTech-AI,2022,1
MT22638,Student_2738,MTech-AI,2022,3
MT21300,Student_274,ECE,2022,3
7098,Student_2740,CSE,2022,1
1048,Student_2741,CSE,2022,1
MT22490,Student_2743,CSE,2022,2
4675,Student_2746,CSE,2022,1
2389,Student_2769,ECE,2022,1
5663,Student_2772,CSE,2022,3
MT23308,Student_2777,CSE,2022,3
5502,Student_2790,CSE,2022,3
MT22889,Student_2792,ECE,2022,1
6878,Student_2803,CSE,2022,3
MT23561,Student_2807,CSE,2022,1
7495,Student_2815,MTech-AI,2022,1
9234,Student_2816,MTech-CSE,2022,1
8261,Student_2818,MTech-AI,2022,3
2842,Student_2819,MTech-AI,2022,3
MT22486,Student_2822,MTech-CSE,2022,3
MT25448,Student_2827,MTech-AI,2022,2
8902,Student_2831,ECE,2022,1
8728,Student_2838,CSE,2022,2
MT24657,Student_2841,MTech-AI,2022,2
MT24219,Student_2852,ECE,2022,2
MT25364,Student_2853,MTech-CSE,2022,2
6590,Student_2854,MTech-CSE,2022,2
6702,Student_2859,MTech-AI,2022,2
MT23662,Student_2872,CSE,2022,3
MT21461,Student_2875,MTech-CSE,2022,2
3465,Student_2878,CSE,2022,3
1969,Student_2881,MTech-CSE,2022,3
5531,Student_2883,MTech-AI,2022,3
7958,Student_2900,MTech-AI,2022,1
MT24008,Student_292,ECE,2022,3
1883,Student_2920,MTech-CSE,2022,1
2115,Student_2921,CSE,2022,3
MT21947,Student_2923,CSE,2022,1
2349,Student_2930,MTech-AI,2022,2
2212,Student_2933,ECE,2022,1
5267,Student_2938,ECE,2022,1
7401,Student_2944,MTech-CSE,2022,2
MT24759,Student_2958,CSE,2022,2
4971,Student_2965,MTech-AI,2022,2
8362,Student_2966,ECE,2022,2
MT21783,Student_2967,ECE,2022,3
MT22637,Student_2969,CSE,2022,2
MT23858,Student_2972,ECE,2022,1
MT22577,Student_2973,CSE,2022,2
MT22221,Student_2975,MTech-CSE,2022,1
2374,Student_2977,MTech-CSE,2022,3
3795,Student_2979,MTech-CSE,2022,2
MT25194,Student_2984,MTech-AI,2022,3
2888,Student_2985,MTech-CSE,2022,2
MT22566,Student_2989,MTech-CSE,2022,3
7835,Student_2994,ECE,2022,1
6693,Student_2999,CSE,2022,1
4594,Student_300,ECE,2022,1
MT21697,Student_31,MTech-AI,2022,1
MT23486,Student_310,CSE,2022,2
9397,Student_318,ECE,2022,1
MT25602,Student_322,MTech-CSE,2022,2
2408,Student_326,CSE,2022,1
8501,Student_331,CSE,2022,3
MT22949,Student_334,ECE,2022,1
MT25818,Student_338,ECE,2022,1
MT23819,Student_345,MTech-CSE,2022,3
MT21027,Student_349,CSE,2022,3
MT22294,Student_352,MTech-CSE,2022,2
4503,Student_357,MTech-CSE,2022,2
6244,Student_365,ECE,2022,2
7897,Student_369,MTech-AI,2022,2
4719,Student_374,ECE,2022,3
3242,Student_380,MTech-AI,2022,3
1862,Student_385,CSE,2022,2
6264,Student_39,MTech-AI,2022,3
6870,Student_390,CSE,2022,2
1927,Student_398,MTech-AI,2022,3
MT23227,Student_4,MTech-CSE,2022,3
5509,Student_406,MTech-AI,2022,2
3643,Student_408,MTech-AI,2022,2
MT23032,Student_410,MTech-CSE,2022,2
9192,Student_415,MTech-AI,2022,2
3226,Student_416,ECE,2022,3
MT25067,Student_419,ECE,2022,2
MT22559,Student_420,MTech-CSE,2022,1
9467,Student_429,ECE,2022,3
9321,Student_430,MTech-CSE,2022,1
MT22400,Student_441,MTech-AI,2022,2
5132,Student_442,MTech-CSE,2022,1
8094,Student_454,MTech-AI,2022,1
MT24301,Student_46,MTech-AI,2022,2
MT25802,Student_460,MTech-AI,2022,3
MT21567,Student_465,CSE,2022,2
MT22500,Student_471,MTech-CSE,2022,1
9711,Student_472,ECE,2022,1
8320,Student_473,ECE,2022,2
9932,Student_474,MTech-AI,2022,3
8044,Student_478,CSE,2022,3
MT25141,Student_481,MTech-CSE,2022,3
3183,Student_482,MTech-AI,2022,1
MT22831,Student_484,ECE,2022,3
1995,Student_492,CSE,2022,3
6884,Student_501,CSE,2022,2
7150,Student_508,MTech-AI,2022,1
MT25894,Student_513,CSE,2022,3
MT22801,Student_514,ECE,2022,3
7458,Student_515,MTech-AI,2022,1
MT22026,Student_52,MTech-CSE,2022,2
4489,Student_523,ECE,2022,2
9570,Student_525,MTech-CSE,2022,2
6800,Student_545,CSE,2022,3
6999,Student_549,ECE,2022,3
5055,Student_55,MTech-CSE,2022,3
MT24995,Student_554,CSE,2022,1
MT22738,Student_560,MTech-CSE,2022,3
3846,Student_565,MTech-AI,2022,2
MT23340,Student_569,ECE,2022,1
MT22077,Student_579,MTech-AI,2022,3
3615,Student_581,MTech-CSE,2022,1
MT25215,Student_582,MTech-CSE,2022,1
MT25950,Student_583,MTech-CSE,2022,1
7935,Student_587,MTech-AI,2022,3
9780,Student_589,CSE,2022,2
MT22574,Student_590,MTech-AI,2022,2
MT25234,Student_591,CSE,2022,2
MT22348,Student_592,MTech-AI,2022,3
MT23615,Student_594,CSE,2022,1
3546,Student_596,ECE,2022,3
MT24458,Student_6,CSE,2022,3
MT21676,Student_60,CSE,2022,2
4232,Student_605,ECE,2022,1
6411,Student_610,MTech-CSE,2022,1
9719,Student_615,MTech-CSE,2022,3
8487,Student_616,MTech-AI,2022,3
MT22744,Student_619,MTech-AI,2022,2
8337,Student_633,ECE,2022,3
MT23875,Student_634,MTech-CSE,2022,2
MT21254,Student_638,MTech-AI,2022,3
MT22372,Student_64,ECE,2022,1
7979,Student_642,MTech-AI,2022,2
MT22186,Student_665,MTech-CSE,2022,1
MT23873,Student_666,MTech-CSE,2022,1
8454,Student_673,MTech-AI,2022,1
MT21109,Student_674,ECE,2022,3
2102,Student_683,ECE,2022,3
MT21498,Student_684,CSE,2022,2
MT24088,Student_690,MTech-AI,2022,1
MT21392,Student_692,MTech-CSE,2022,3
MT24509,Student_694,MTech-AI,2022,3
8998,Student_695,ECE,2022,3
2298,Student_70,CSE,2022,2
1759,Student_709,CSE,2022,2
4165,Student_71,CSE,2022,3
3249,Student_720,ECE,2022,2
2550,Student_723,MTech-CSE,2022,1
1119,Student_730,MTech-CSE,2022,2
MT21507,Student_744,MTech-CSE,2022,3
9385,Student_745,ECE,2022,2
9554,Student_75,MTech-AI,2022,1
4372,Student_759,MTech-CSE,2022,2
MT21432,Student_760,MTech-CSE,2022,3
MT23175,Student_773,MTech-CSE,2022,3
MT24735,Student_776,MTech-CSE,2022,1
2459,Student_781,ECE,2022,1
6051,Student_784,MTech-AI,2022,1
9095,Student_796,CSE,2022,1
9329,Student_803,MTech-AI,2022,3
4931,Student_81,CSE,2022,1
MT24086,Student_816,MTech-CSE,2022,3
7232,Student_829,ECE,2022,3
MT21757,Student_834,ECE,2022,1
6277,Student_837,ECE,2022,1
MT23018,Student_839,MTech-CSE,2022,3
9139,Student_857,CSE,2022,1
MT24894,Student_86,MTech-CSE,2022,1
6665,Student_868,CSE,2022,1
2662,Student_874,ECE,2022,3
MT22080,Student_884,ECE,2022,1
3680,Student_888,MTech-AI,2022,3
MT23848,Student_89,ECE,2022,1
MT24658,Student_894,CSE,2022,3
MT21381,Student_895,MTech-CSE,2022,2
MT24157,Student_903,MTech-AI,2022,2
MT22555,Student_905,CSE,2022,2
4499,Student_906,ECE,2022,3
1268,Student_908,ECE,2022,3
MT22406,Student_909,MTech-CSE,2022,2
MT21800,Student_911,MTech-CSE,2022,2
MT22170,Student_914,MTech-CSE,2022,2
2877,Student_917,MTech-CSE,2022,2
6888,Student_92,ECE,2022,1
1143,Student_926,ECE,2022,2
3229,Student_932,MTech-CSE,2022,2
MT25552,Student_933,ECE,2022,1
2120,Student_934,ECE,2022,2
MT25897,Student_938,ECE,2022,1
3565,Student_949,ECE,2022,2
1558,Student_953,CSE,2022,3
5952,Student_960,MTech-AI,2022,1
MT24819,Student_967,ECE,2022,2
5008,Student_977,CSE,2022,1
MT22755,Student_980,MTech-AI,2022,2
1571,Student_984,MTech-AI,2022,2
1790,Student_989,MTech-CSE,2022,1
1667,Student_996,MTech-CSE,2022,2
MT23385,Student_997,CSE,2022,3
4254,Student_1003,ECE,2023,3
MT23835,Student_1007,MTech-CSE,2023,2
MT25146,Student_1011,MTech-CSE,2023,2
5821,Student_1013,ECE,2023,3
4227,Student_1016,CSE,2023,2
MT21731,Student_1018,CSE,2023,2
5047,Student_1021,MTech-AI,2023,1
MT23112,Student_1029,MTech-CSE,2023,2
MT21908,Student_103,ECE,2023,1
7543,Student_1036,MTech-AI,2023,2
1614,Student_1037,MTech-CSE,2023,1
MT22128,Student_1040,CSE,2023,3
6254,Student_1056,MTech-AI,2023,1
9702,Student_1069,MTech-CSE,2023,3
1500,Student_1079,CSE,2023,1
3987,Student_1081,MTech-AI,2023,2
MT21478,Student_1082,MTech-CSE,2023,2
9274,Student_1085,CSE,2023,2
MT23184,Student_1086,ECE,2023,1
MT23713,Student_1087,MTech-AI,2023,1
7063,Student_1088,MTech-CSE,2023,3
7600,Student_1095,ECE,2023,1
9664,Student_1105,ECE,2023,1
MT25200,Student_1107,ECE,2023,2
3712,Student_1108,CSE,2023,2
6510,Student_1111,MTech-CSE,2023,2
5168,Student_1117,MTech-AI,2023,2
3232,Student_1136,CSE,2023,2
5478,Student_1140,MTech-AI,2023,3
MT21196,Student_1143,MTech-CSE,2023,2
9257,Student_1144,MTech-CSE,2023,3
MT21157,Student_1149,ECE,2023,3
3957,Student_1152,CSE,2023,3
1222,Student_1154,CSE,2023,3
MT22816,Student_1161,CSE,2023,3
8326,Student_1167,MTech-CSE,2023,3
9123,Student_1168,MTech-CSE,2023,3
8432,Student_1169,ECE,2023,2
MT22947,Student_1171,CSE,2023,2
5726,Student_1175,ECE,2023,3
7789,Student_1177,CSE,2023,1
4152,Student_1180,MTech-CSE,2023,2
4390,Student_1181,CSE,2023,2
MT24170,Student_1183,MTech-AI,2023,2
MT24199,Student_1194,MTech-CSE,2023,2
MT22992,Student_12,MTech-AI,2023,2
2369,Student_1202,ECE,2023,1
MT23650,Student_1203,CSE,2023,2
7879,Student_1220,MTech-CSE,2023,2
9179,Student_1221,MTech-CSE,2023,1
MT22236,Student_1225,CSE,2023,1
MT22285,Student_1228,MTech-CSE,2023,3
MT23740,Student_1241,MTech-AI,2023,2
MT25004,Student_1248,MTech-AI,2023,2
1685,Student_1252,MTech-AI,2023,2
6092,Student_1269,MTech-CSE,2023,2
MT23660,Student_1273,MTech-CSE,2023,2
8534,Student_1277,ECE,2023,3
MT23467,Student_128,ECE,2023,2
MT23105,Student_1280,MTech-CSE,2023,2
9482,Student_129,MTech-AI,2023,1
MT24857,Student_1291,MTech-AI,2023,2
8944,Student_1292,MTech-CSE,2023,2
4051,Student_13,MTech-AI,2023,3
1799,Student_1300,ECE,2023,2
MT21524,Student_1302,ECE,2023,3
5827,Student_1308,MTech-AI,2023,3
7792,Student_1309,MTech-CSE,2023,3
MT25356,Student_1316,MTech-AI,2023,2
4455,Student_1320,MTech-AI,2023,1
MT22263,Student_1325,ECE,2023,2
MT24459,Student_133,MTech-CSE,2023,1
2954,Student_1331,MTech-CSE,2023,2
2231,Student_1333,MTech-CSE,2023,2
3994,Student_1334,ECE,2023,2
MT24669,Student_1343,MTech-AI,2023,3
5394,Student_1348,ECE,2023,2
6934,Student_1351,ECE,2023,1
2616,Student_1357,MTech-AI,2023,2
2764,Student_1358,MTech-AI,2023,3
MT22033,Student_136,MTech-AI,2023,2
7017,Student_1363,MTech-AI,2023,3
MT21859,Student_1367,MTech-CSE,2023,3
4425,Student_1369,MTech-AI,2023,3
7145,Student_1371,CSE,2023,2
MT24639,Student_1373,MTech-AI,2023,2
MT21860,Student_1374,MTech-CSE,2023,3
8470,Student_138,MTech-CSE,2023,2
3823,Student_1380,MTech-CSE,2023,2
2677,Student_1382,CSE,2023,1
1741,Student_1384,MTech-CSE,2023,3
MT21366,Student_1385,MTech-AI,2023,1
2507,Student_1390,MTech-CSE,2023,1
5737,Student_1391,ECE,2023,2
8849,Student_1396,CSE,2023,3
MT22165,Student_1397,MTech-AI,2023,2
9126,Student_1399,CSE,2023,2
8028,Student_14,ECE,2023,3
3324,Student_141,ECE,2023,3
MT22885,Student_1415,CSE,2023,3
1841,Student_1420,MTech-CSE,2023,3
MT21603,Student_1424,MTech-AI,2023,3
6337,Student_1426,MTech-AI,2023,1
7403,Student_1427,ECE,2023,1
7302,Student_1435,ECE,2023,1
MT23471,Student_1442,MTech-AI,2023,3
MT25762,Student_1446,MTech-CSE,2023,1
6377,Student_1456,MTech-CSE,2023,2
MT23995,Student_1457,ECE,2023,1
2148,Student_1468,MTech-CSE,2023,2
2385,Student_1470,ECE,2023,2
MT25523,Student_1477,ECE,2023,1
1727,Student_1482,CSE,2023,1
MT22743,Student_1484,ECE,2023,2
1263,Student_1491,MTech-CSE,2023,2
8506,Student_1498,ECE,2023,3
MT25497,Student_1502,MTech-AI,2023,2
8881,Student_1503,MTech-CSE,2023,2
4295,Student_1507,CSE,2023,3
6846,Student_1512,CSE,2023,2
MT24070,Student_1517,MTech-CSE,2023,2
6152,Student_1519,ECE,2023,3
6424,Student_1523,MTech-CSE,2023,1
2699,Student_1530,MTech-CSE,2023,2
3905,Student_1531,CSE,2023,2
MT22135,Student_1532,MTech-CSE,2023,2
MT24536,Student_1537,ECE,2023,1
3525,Student_1543,MTech-AI,2023,3
8613,Student_1549,CSE,2023,3
3988,Student_1553,ECE,2023,1
MT25062,Student_1556,ECE,2023,3
3305,Student_1558,ECE,2023,3
3432,Student_1572,MTech-AI,2023,2
1705,Student_1574,MTech-AI,2023,1
MT21443,Student_1588,MTech-AI,2023,1
1105,Student_1605,CSE,2023,2
6287,Student_1607,CSE,2023,1
1281,Student_1608,MTech-CSE,2023,1
4236,Student_1610,CSE,2023,1
1740,Student_1613,MTech-CSE,2023,3
6723,Student_1618,ECE,2023,1
9162,Student_1619,MTech-CSE,2023,3
MT24117,Student_1622,CSE,2023,1
5019,Student_1627,CSE,2023,2
9733,Student_1633,CSE,2023,3
MT22374,Student_1635,CSE,2023,2
2062,Student_1639,CSE,2023,2
MT23271,Student_1642,ECE,2023,3
9982,Student_1646,MTech-AI,2023,3
MT21063,Student_1647,ECE,2023,1
7652,Student_1649,ECE,2023,1
MT25796,Student_166,ECE,2023,3
MT23804,Student_1663,MTech-CSE,2023,1
MT21836,Student_1672,CSE,2023,3
2484,Student_1676,CSE,2023,3
5951,Student_1678,MTech-CSE,2023,3
MT24678,Student_1681,MTech-AI,2023,1
2714,Student_1683,CSE,2023,1
MT21909,Student_1693,MTech-AI,2023,2
MT23603,Student_1694,CSE,2023,3
4136,Student_1697,MTech-CSE,2023,2
MT21691,Student_1700,MTech-CSE,2023,1
8315,Student_1715,CSE,2023,3
7538,Student_172,ECE,2023,2
4999,Student_1720,ECE,2023,1
9948,Student_1721,CSE,2023,1
MT24972,Student_1727,MTech-AI,2023,1
6301,Student_1729,ECE,2023,3
MT22869,Student_1730,CSE,2023,3
MT23409,Student_1744,MTech-AI,2023,3
MT25352,Student_1750,MTech-CSE,2023,2
6446,Student_1753,MTech-AI,2023,2
MT22217,Student_1765,CSE,2023,3
MT22381,Student_1773,MTech-CSE,2023,2
8209,Student_1775,MTech-CSE,2023,3
MT22228,Student_1776,CSE,2023,1
6505,Student_1779,CSE,2023,1
MT23881,Student_178,ECE,2023,3
1171,Student_1785,ECE,2023,1
7128,Student_1792,CSE,2023,3
7500,Student_1793,MTech-CSE,2023,2
4046,Student_1794,MTech-CSE,2023,2
MT24336,Student_18,MTech-AI,2023,3
MT23621,Student_1803,CSE,2023,2
MT24164,Student_1804,MTech-CSE,2023,2
3027,Student_1806,ECE,2023,1
MT23614,Student_1816,ECE,2023,1
2479,Student_1817,CSE,2023,3
1234,Student_1819,ECE,2023,1
9890,Student_1823,ECE,2023,3
MT24756,Student_1825,ECE,2023,2
6410,Student_1830,MTech-AI,2023,1
3135,Student_1834,ECE,2023,3
3262,Student_1843,ECE,2023,3
MT22860,Student_1845,CSE,2023,2
7812,Student_185,CSE,2023,2
MT21286,Student_1853,CSE,2023,1
MT22492,Student_1854,MTech-AI,2023,2
2869,Student_1863,MTech-CSE,2023,1
MT21639,Student_1865,MTech-CSE,2023,2
3832,Student_1873,ECE,2023,3
MT25989,Student_1879,CSE,2023,1
MT23279,Student_1880,CSE,2023,2
5281,Student_1883,MTech-AI,2023,2
MT24439,Student_1884,ECE,2023,1
MT24183,Student_1885,MTech-CSE,2023,2
9807,Student_1886,CSE,2023,2
4870,Student_1888,MTech-AI,2023,1
8062,Student_190,MTech-AI,2023,2
6673,Student_1906,ECE,2023,3
5278,Student_1918,MTech-CSE,2023,1
9417,Student_1924,CSE,2023,2
8080,Student_1927,ECE,2023,2
7230,Student_1938,MTech-AI,2023,2
MT24989,Student_1942,ECE,2023,1
MT22328,Student_1948,ECE,2023,3
9582,Student_195,CSE,2023,1
4919,Student_1958,MTech-CSE,2023,1
8530,Student_1959,MTech-AI,2023,3
MT22784,Student_1966,ECE,2023,3
MT22613,Student_1967,CSE,2023,2
7190,Student_197,CSE,2023,1
6269,Student_1971,MTech-AI,2023,2
3870,Student_1975,CSE,2023,3
MT25174,Student_1981,MTech-CSE,2023,2
MT25865,Student_1987,MTech-AI,2023,1
2217,Student_1999,CSE,2023,1
MT24392,Student_20,MTech-AI,2023,3
MT23733,Student_2004,MTech-CSE,2023,3
1503,Student_2005,MTech-AI,2023,3
MT21091,Student_2007,MTech-AI,2023,3
4465,Student_2009,CSE,2023,2
5969,Student_2011,MTech-CSE,2023,2
1722,Student_2015,ECE,2023,3
MT22617,Student_2018,MTech-CSE,2023,1
2595,Student_2020,MTech-AI,2023,1
7385,Student_2024,ECE,2023,2
1518,Student_2028,ECE,2023,3
2917,Student_2029,CSE,2023,2
4431,Student_203,MTech-AI,2023,1
MT24524,Student_2035,MTech-AI,2023,2
6141,Student_2037,CSE,2023,1
7716,Student_2051,MTech-AI,2023,3
7273,Student_2053,MTech-AI,2023,1
MT22053,Student_2056,MTech-CSE,2023,1
1737,Student_2068,CSE,2023,3
8043,Student_2076,ECE,2023,2
4684,Student_2078,MTech-AI,2023,3
MT22609,Student_2079,ECE,2023,2
1850,Student_208,CSE,2023,1
9532,Student_2081,MTech-AI,2023,1
8946,Student_2082,ECE,2023,3
MT21026,Student_2090,MTech-AI,2023,3
2210,Student_2091,CSE,2023,1
3016,Student_2095,ECE,2023,3
3233,Student_2099,MTech-AI,2023,3
MT24017,Student_2103,ECE,2023,1
MT22232,Student_2104,CSE,2023,2
7800,Student_2114,CSE,2023,3
1434,Student_2120,ECE,2023,2
1521,Student_2121,MTech-AI,2023,1
6440,Student_2123,MTech-AI,2023,2
7298,Student_2125,MTech-CSE,2023,3
MT21962,Student_2126,MTech-CSE,2023,3
2754,Student_2128,ECE,2023,1
MT23758,Student_2131,MTech-CSE,2023,2
6609,Student_214,MTech-CSE,2023,3
5431,Student_2140,ECE,2023,2
MT25756,Student_2142,MTech-AI,2023,3
MT22861,Student_2145,MTech-AI,2023,1
8818,Student_2158,CSE,2023,1
1946,Student_2161,ECE,2023,3
1872,Student_2165,CSE,2023,1
MT24415,Student_2177,MTech-AI,2023,1
6601,Student_2182,CSE,2023,1
4707,Student_2186,MTech-CSE,2023,1
4298,Student_2190,CSE,2023,2
6639,Student_2193,MTech-AI,2023,3
1469,Student_2200,CSE,2023,3
1372,Student_2203,CSE,2023,3
5022,Student_2204,ECE,2023,1
8370,Student_2205,CSE,2023,3
7642,Student_2207,CSE,2023,3
MT21362,Student_2215,CSE,2023,2
8667,Student_2216,MTech-CSE,2023,2
MT25071,Student_2219,MTech-CSE,2023,1
5473,Student_2222,MTech-AI,2023,3
7126,Student_2226,MTech-CSE,2023,1
4311,Student_2227,MTech-AI,2023,2
MT23233,Student_2229,MTech-CSE,2023,1
MT23151,Student_2236,ECE,2023,1
MT22291,Student_2237,MTech-AI,2023,1
9015,Student_2242,MTech-CSE,2023,3
MT23488,Student_2243,MTech-CSE,2023,3
4460,Student_2244,MTech-CSE,2023,2
6023,Student_2247,MTech-AI,2023,1
MT24548,Student_2276,MTech-AI,2023,2
MT22451,Student_2278,MTech-AI,2023,2
6511,Student_2292,MTech-CSE,2023,1
7505,Student_2294,MTech-AI,2023,1
7590,Student_2296,MTech-CSE,2023,2
4006,Student_2297,CSE,2023,2
MT24668,Student_23,CSE,2023,3
MT24222,Student_2305,MTech-AI,2023,3
MT23114,Student_2314,MTech-CSE,2023,2
8699,Student_2319,MTech-CSE,2023,3
9422,Student_2324,MTech-CSE,2023,2
4188,Student_2327,MTech-AI,2023,1
MT22856,Student_2331,ECE,2023,2
2882,Student_2332,MTech-CSE,2023,2
3838,Student_2334,CSE,2023,2
2932,Student_2338,CSE,2023,3
2042,Student_2339,CSE,2023,2
9060,Student_2353,MTech-AI,2023,1
MT23425,Student_2360,MTech-AI,2023,1
MT22770,Student_2361,CSE,2023,2
MT21256,Student_2378,MTech-AI,2023,3
3784,Student_2381,ECE,2023,3
MT21208,Student_2383,MTech-CSE,2023,2
9799,Student_2385,CSE,2023,2
MT21013,Student_2396,CSE,2023,2
8482,Student_2400,MTech-CSE,2023,1
2871,Student_2407,MTech-CSE,2023,3
6463,Student_2408,MTech-AI,2023,2
MT23834,Student_2412,MTech-AI,2023,3
7174,Student_2414,CSE,2023,2
6622,Student_2418,CSE,2023,2
9531,Student_2435,MTech-CSE,2023,2
2806,Student_2438,CSE,2023,1
MT21257,Student_2440,MTech-AI,2023,1
5423,Student_2446,MTech-AI,2023,2
5499,Student_2450,ECE,2023,2
9902,Student_2457,CSE,2023,1
MT24887,Student_2459,CSE,2023,1
MT24077,Student_2462,MTech-AI,2023,3
6166,Student_2463,MTech-CSE,2023,3
4542,Student_2467,MTech-AI,2023,2
8543,Student_2470,ECE,2023,2
9938,Student_2471,ECE,2023,1
3678,Student_2475,MTech-AI,2023,3
MT23424,Student_2479,MTech-CSE,2023,1
9427,Student_2485,MTech-AI,2023,1
1140,Student_249,MTech-CSE,2023,3
1206,Student_2492,CSE,2023,1
8069,Student_2495,CSE,2023,3
4672,Student_2497,ECE,2023,3
4817,Student_2501,CSE,2023,1
MT24189,Student_2513,CSE,2023,3
MT23199,Student_2515,CSE,2023,2
2310,Student_2531,MTech-AI,2023,2
MT25840,Student_2532,ECE,2023,3
MT24805,Student_2536,MTech-CSE,2023,3
9869,Student_2548,MTech-AI,2023,3
2542,Student_2549,MTech-CSE,2023,2
1353,Student_2555,MTech-CSE,2023,2
6972,Student_2558,MTech-CSE,2023,3
MT23338,Student_2559,MTech-CSE,2023,3
MT21429,Student_256,ECE,2023,2
MT25132,Student_2563,CSE,2023,2
1159,Student_2564,MTech-CSE,2023,1
3010,Student_2569,ECE,2023,1
7616,Student_2573,MTech-AI,2023,1
1389,Student_2580,MTech-CSE,2023,1
6901,Student_2584,MTech-CSE,2023,2
MT22845,Student_2590,MTech-CSE,2023,2
MT24831,Student_2594,ECE,2023,3
MT23095,Student_2595,CSE,2023,2
7155,Student_2598,ECE,2023,1
MT21439,Student_26,MTech-AI,2023,2
MT24763,Student_2605,ECE,2023,2
MT22880,Student_2607,MTech-CSE,2023,1
7864,Student_2616,MTech-AI,2023,1
4596,Student_2621,MTech-AI,2023,3
MT25292,Student_2622,CSE,2023,2
6153,Student_2628,MTech-CSE,2023,3
MT21560,Student_2646,CSE,2023,1
1613,Student_265,MTech-AI,2023,3
6102,Student_2655,MTech-AI,2023,3
MT21345,Student_2664,MTech-AI,2023,2
MT22841,Student_2667,MTech-AI,2023,1
MT25603,Student_2670,CSE,2023,1
5740,Student_2673,CSE,2023,3
MT22819,Student_2682,MTech-AI,2023,3
3416,Student_2685,MTech-AI,2023,3
MT24413,Student_2687,MTech-AI,2023,3
4268,Student_269,ECE,2023,2
MT25191,Student_2691,MTech-CSE,2023,2
MT21406,Student_2692,MTech-AI,2023,1
7706,Student_2694,CSE,2023,3
MT22200,Student_2695,MTech-CSE,2023,3
MT21343,Student_2699,MTech-CSE,2023,3
MT22436,Student_27,ECE,2023,1
4294,Student_2709,ECE,2023,1
MT22820,Student_271,CSE,2023,1
5074,Student_2711,MTech-AI,2023,2
MT25154,Student_2716,CSE,2023,1
1853,Student_2722,CSE,2023,1
4196,Student_2723,CSE,2023,2
MT22520,Student_2725,MTech-CSE,2023,3
MT23420,Student_273,CSE,2023,3
MT21380,Student_2730,MTech-CSE,2023,3
5835,Student_2737,CSE,2023,1
8279,Student_2739,ECE,2023,1
8267,Student_2747,ECE,2023,2
2645,Student_2749,CSE,2023,3
6460,Student_275,ECE,2023,2
5316,Student_2752,CSE,2023,2
MT25280,Student_2760,CSE,2023,3
5129,Student_2761,CSE,2023,2
MT25697,Student_2764,CSE,2023,1
8460,Student_2770,MTech-CSE,2023,3
MT23948,Student_2771,MTech-CSE,2023,3
2087,Student_2773,MTech-AI,2023,1
5199,Student_2775,CSE,2023,3
8964,Student_2778,MTech-CSE,2023,3
8242,Student_2780,ECE,2023,1
6842,Student_2782,MTech-AI,2023,3
8108,Student_2783,MTech-CSE,2023,3
4923,Student_2786,CSE,2023,3
MT21293,Student_2787,MTech-AI,2023,2
4351,Student_2788,ECE,2023,1
1472,Student_2794,ECE,2023,3
2627,Student_2796,ECE,2023,3
6805,Student_2798,ECE,2023,1
MT23978,Student_28,MTech-AI,2023,2
2647,Student_2801,MTech-AI,2023,2
5683,Student_2802,MTech-AI,2023,1
5787,Student_2804,ECE,2023,1
MT25527,Student_2809,MTech-CSE,2023,1
5034,Student_2817,CSE,2023,3
7183,Student_2826,CSE,2023,1
MT21460,Student_283,MTech-AI,2023,1
2944,Student_2836,ECE,2023,3
6711,Student_2842,ECE,2023,2
9222,Student_2843,ECE,2023,3
MT21042,Student_2844,ECE,2023,2
7529,Student_2851,MTech-CSE,2023,2
MT21878,Student_2855,MTech-AI,2023,1
5201,Student_2857,MTech-CSE,2023,1
1161,Student_2858,MTech-AI,2023,1
1782,Student_2860,ECE,2023,2
8974,Student_2861,MTech-CSE,2023,2
8676,Student_2864,MTech-CSE,2023,1
2580,Student_2867,MTech-AI,2023,3
2643,Student_2869,MTech-AI,2023,3
4097,Student_287,CSE,2023,2
9488,Student_2870,ECE,2023,1
MT21919,Student_2874,MTech-AI,2023,3
MT25525,Student_2876,CSE,2023,3
MT21745,Student_2877,MTech-CSE,2023,2
2527,Student_288,MTech-AI,2023,1
3754,Student_2887,MTech-AI,2023,2
9689,Student_2888,MTech-AI,2023,3
MT23489,Student_2889,MTech-AI,2023,3
MT23887,Student_2891,MTech-CSE,2023,3
6193,Student_2898,CSE,2023,3
8870,Student_2908,MTech-AI,2023,1
MT25216,Student_2913,MTech-AI,2023,2
3507,Student_2915,MTech-AI,2023,2
8172,Student_2917,CSE,2023,1
8198,Student_2922,CSE,2023,2
8627,Student_2926,MTech-CSE,2023,3
MT22001,Student_2927,ECE,2023,2
2246,Student_2934,CSE,2023,2
4477,Student_2935,MTech-CSE,2023,1
6177,Student_2939,CSE,2023,3
MT22144,Student_2946,CSE,2023,2
7254,Student_2953,MTech-AI,2023,3
2997,Student_2959,MTech-CSE,2023,1
MT22097,Student_296,MTech-AI,2023,2
9941,Student_2960,ECE,2023,3
6053,Student_2962,ECE,2023,1
MT23633,Student_2964,CSE,2023,3
MT21677,Student_2968,MTech-AI,2023,3
MT24876,Student_2978,MTech-CSE,2023,1
MT25672,Student_2980,MTech-CSE,2023,2
3639,Student_2982,CSE,2023,1
9355,Student_2990,MTech-CSE,2023,2
5376,Student_2991,CSE,2023,2
MT23518,Student_2996,MTech-AI,2023,2
MT24115,Student_2997,MTech-CSE,2023,1
7095,Student_3000,MTech-AI,2023,2
5578,Student_306,ECE,2023,3
MT24428,Student_314,CSE,2023,3
9599,Student_316,CSE,2023,1
3765,Student_323,MTech-AI,2023,3
MT21084,Student_325,CSE,2023,3
9304,Student_337,MTech-CSE,2023,2
MT24744,Student_339,ECE,2023,1
MT24854,Student_34,MTech-CSE,2023,1
5179,Student_340,ECE,2023,3
MT23528,Student_341,MTech-AI,2023,2
1056,Student_344,MTech-CSE,2023,2
MT24709,Student_347,MTech-AI,2023,2
9986,Student_354,ECE,2023,2
8015,Student_355,CSE,2023,1
1356,Student_356,ECE,2023,2
4646,Student_366,CSE,2023,3
6483,Student_371,MTech-CSE,2023,2
MT24582,Student_372,ECE,2023,2
MT23519,Student_375,MTech-AI,2023,2
4362,Student_381,MTech-AI,2023,2
MT24006,Student_382,MTech-CSE,2023,2
MT25399,Student_386,MTech-AI,2023,2
MT25064,Student_400,MTech-AI,2023,2
MT25580,Student_407,ECE,2023,3
8954,Student_411,MTech-AI,2023,1
1519,Student_418,CSE,2023,3
6157,Student_42,MTech-CSE,2023,3
5901,Student_422,MTech-CSE,2023,2
MT25748,Student_428,MTech-CSE,2023,2
3291,Student_431,ECE,2023,1
MT25168,Student_438,MTech-AI,2023,2
9742,Student_44,MTech-AI,2023,1
7473,Student_453,MTech-AI,2023,1
MT23852,Student_464,MTech-CSE,2023,1
MT24245,Student_467,ECE,2023,2
8512,Student_469,MTech-AI,2023,3
3329,Student_47,MTech-AI,2023,3
MT22593,Student_480,MTech-CSE,2023,3
4910,Student_494,ECE,2023,2
6974,Student_496,MTech-CSE,2023,1
9648,Student_50,MTech-AI,2023,3
MT24060,Student_503,MTech-CSE,2023,2
MT24279,Student_509,ECE,2023,3
2103,Student_517,MTech-CSE,2023,1
MT23814,Student_518,ECE,2023,1
MT24695,Student_520,MTech-AI,2023,1
4978,Student_526,MTech-AI,2023,1
3277,Student_532,ECE,2023,3
MT23472,Student_550,MTech-AI,2023,3
MT23266,Student_553,MTech-AI,2023,2
3855,Student_555,CSE,2023,1
MT21031,Student_556,MTech-CSE,2023,1
MT22959,Student_559,ECE,2023,3
MT24366,Student_575,CSE,2023,1
6362,Student_577,MTech-CSE,2023,2
MT22967,Student_600,CSE,2023,3
MT22359,Student_602,MTech-CSE,2023,1
MT23193,Student_604,CSE,2023,3
MT22628,Student_613,MTech-CSE,2023,3
MT21382,Student_614,MTech-CSE,2023,2
MT24416,Student_620,ECE,2023,1
3959,Student_629,MTech-AI,2023,1
7774,Student_639,MTech-CSE,2023,3
6219,Student_645,ECE,2023,1
9675,Student_651,CSE,2023,3
7626,Student_653,CSE,2023,1
2622,Student_66,MTech-CSE,2023,1
MT24623,Student_664,ECE,2023,1
MT24425,Student_669,ECE,2023,2
MT23237,Student_670,MTech-CSE,2023,2
MT23310,Student_676,MTech-CSE,2023,1
6372,Student_681,MTech-AI,2023,1
1318,Student_691,MTech-AI,2023,2
2773,Student_697,CSE,2023,2
9712,Student_708,CSE,2023,3
MT21718,Student_718,CSE,2023,1
8507,Student_719,ECE,2023,1
MT25634,Student_722,CSE,2023,1
5245,Student_731,CSE,2023,3
MT24685,Student_741,CSE,2023,2
1934,Student_742,MTech-AI,2023,2
7065,Student_748,MTech-CSE,2023,3
7989,Student_755,MTech-AI,2023,2
9693,Student_757,MTech-CSE,2023,3
8178,Student_774,ECE,2023,3
3155,Student_783,MTech-AI,2023,1
7718,Student_785,CSE,2023,1
8821,Student_786,ECE,2023,1
8757,Student_79,CSE,2023,2
7199,Student_794,ECE,2023,2
MT21867,Student_800,MTech-CSE,2023,2
4755,Student_806,CSE,2023,1
6310,Student_807,CSE,2023,2
6836,Student_811,CSE,2023,2
MT22300,Student_818,ECE,2023,2
1482,Student_820,MTech-AI,2023,3
MT21658,Student_822,MTech-CSE,2023,2
MT22843,Student_824,ECE,2023,1
9669,Student_825,CSE,2023,3
MT22280,Student_832,ECE,2023,2
5435,Student_838,ECE,2023,2
MT24371,Student_84,MTech-AI,2023,3
MT25212,Student_840,ECE,2023,3
3460,Student_847,MTech-CSE,2023,1
9670,Student_852,MTech-AI,2023,3
9406,Student_859,MTech-CSE,2023,2
1701,Student_866,MTech-CSE,2023,2
7033,Student_869,MTech-CSE,2023,2
MT25241,Student_87,MTech-AI,2023,2
7578,Student_871,ECE,2023,1
MT24963,Student_876,MTech-CSE,2023,3
8583,Student_878,MTech-AI,2023,1
MT22952,Student_879,ECE,2023,2
6893,Student_887,CSE,2023,1
MT21205,Student_900,MTech-CSE,2023,2
8072,Student_902,ECE,2023,3
MT25671,Student_916,MTech-CSE,2023,3
1561,Student_918,MTech-AI,2023,2
7163,Student_925,MTech-AI,2023,3
7339,Student_931,MTech-CSE,2023,3
4464,Student_945,MTech-AI,2023,3
MT25661,Student_948,ECE,2023,1
4922,Student_95,CSE,2023,2
MT24316,Student_950,MTech-AI,2023,2
MT22057,Student_956,CSE,2023,1
MT23643,Student_963,MTech-AI,2023,3
1302,Student_972,CSE,2023,1
1100,Student_978,MTech-AI,2023,3
MT24670,Student_979,CSE,2023,1
7880,Student_98,MTech-CSE,2023,1
MT21708,Student_986,MTech-AI,2023,2
2536,Student_990,CSE,2023,1
MT24046,Student_999,MTech-CSE,2023,3
1512,Student_1004,MTech-AI,2024,2
MT24159,Student_1006,CSE,2024,1
3132,Student_101,ECE,2024,2
MT24970,Student_1017,MTech-CSE,2024,2
9184,Student_1019,ECE,2024,1
MT23734,Student_1020,ECE,2024,1
3039,Student_1023,MTech-AI,2024,1
MT22329,Student_1039,ECE,2024,1
6596,Student_1041,MTech-CSE,2024,2
7498,Student_1045,MTech-CSE,2024,2
1918,Student_1047,ECE,2024,2
MT22087,Student_1048,MTech-CSE,2024,2
MT25404,Student_105,MTech-AI,2024,2
1524,Student_1053,CSE,2024,1
MT22121,Student_1063,MTech-CSE,2024,1
MT22518,Student_1068,MTech-CSE,2024,2
MT23622,Student_1074,ECE,2024,2
MT25129,Student_1077,CSE,2024,3
MT22592,Student_1078,MTech-AI,2024,2
MT24558,Student_1084,CSE,2024,2
MT22633,Student_1093,MTech-AI,2024,3
4096,Student_1094,MTech-CSE,2024,3
MT21438,Student_110,MTech-AI,2024,3
MT21433,Student_111,MTech-AI,2024,2
1050,Student_1110,MTech-AI,2024,3
MT22588,Student_1115,CSE,2024,3
MT24019,Student_1116,ECE,2024,1
3450,Student_1119,MTech-CSE,2024,2
MT24132,Student_112,CSE,2024,1
2734,Student_1131,ECE,2024,1
3943,Student_1133,ECE,2024,3
1662,Student_1135,ECE,2024,2
MT22534,Student_114,MTech-AI,2024,2
1664,Student_1146,CSE,2024,2
4222,Student_1147,ECE,2024,2
4841,Student_1159,CSE,2024,2
MT24186,Student_116,CSE,2024,2
MT22524,Student_1164,MTech-CSE,2024,2
MT25033,Student_1170,CSE,2024,1
7486,Student_1173,MTech-CSE,2024,1
MT22818,Student_1179,MTech-AI,2024,1
1407,Student_118,CSE,2024,3
MT22082,Student_119,MTech-AI,2024,2
MT21143,Student_1190,CSE,2024,3
7072,Student_1191,ECE,2024,2
MT25677,Student_1192,ECE,2024,2
MT24616,Student_1193,CSE,2024,1
8131,Student_1197,MTech-AI,2024,1
MT23764,Student_1207,ECE,2024,1
MT21785,Student_1211,CSE,2024,2
9153,Student_1216,CSE,2024,3
7641,Student_1219,CSE,2024,1
9294,Student_1229,ECE,2024,3
1114,Student_1234,ECE,2024,1
9269,Student_1236,CSE,2024,2
MT22266,Student_1237,MTech-AI,2024,1
MT23091,Student_1239,CSE,2024,1
4314,Student_1246,ECE,2024,2
8191,Student_1249,MTech-AI,2024,2
MT25880,Student_125,MTech-CSE,2024,3
MT25179,Student_1257,MTech-AI,2024,2
MT22780,Student_127,MTech-CSE,2024,2
1517,Student_1275,MTech-AI,2024,3
3400,Student_1278,ECE,2024,1
5254,Student_1283,MTech-CSE,2024,3
8103,Student_1288,CSE,2024,3
MT23704,Student_1289,CSE,2024,3
9376,Student_1290,MTech-AI,2024,2
9045,Student_1296,MTech-AI,2024,3
7303,Student_1310,MTech-AI,2024,2
MT21957,Student_1312,MTech-AI,2024,2
9607,Student_1313,CSE,2024,3
7180,Student_132,MTech-CSE,2024,1
5608,Student_1323,CSE,2024,2
3408,Student_1324,MTech-AI,2024,3
MT22418,Student_1326,ECE,2024,1
MT23956,Student_1335,MTech-AI,2024,1
5916,Student_1338,CSE,2024,3
MT23360,Student_1340,CSE,2024,3
6904,Student_1341,ECE,2024,2
6819,Student_1342,MTech-CSE,2024,3
3492,Student_1345,CSE,2024,1
MT24097,Student_135,MTech-CSE,2024,1
MT23729,Student_1355,MTech-CSE,2024,2
MT23612,Student_1362,CSE,2024,2
8220,Student_1370,MTech-AI,2024,2
MT22787,Student_1377,ECE,2024,1
MT25339,Student_1387,ECE,2024,2
MT21068,Student_139,MTech-CSE,2024,1
MT23882,Student_1392,CSE,2024,3
MT23969,Student_1409,MTech-CSE,2024,1
2637,Student_1414,MTech-CSE,2024,3
MT23839,Student_1416,CSE,2024,2
8876,Student_1418,MTech-CSE,2024,1
MT24916,Student_142,MTech-CSE,2024,1
MT25321,Student_1429,MTech-AI,2024,2
MT22586,Student_1432,CSE,2024,2
MT21662,Student_1434,CSE,2024,2
MT21861,Student_1452,MTech-CSE,2024,3
7791,Student_1453,ECE,2024,1
2036,Student_1467,CSE,2024,3
7520,Student_1471,MTech-CSE,2024,2
MT22021,Student_1472,MTech-CSE,2024,1
8486,Student_1474,CSE,2024,3
8176,Student_1475,MTech-CSE,2024,3
MT24672,Student_148,CSE,2024,1
3036,Student_1481,MTech-AI,2024,2
5095,Student_1488,MTech-AI,2024,1
7479,Student_150,ECE,2024,2
MT24255,Student_1504,MTech-CSE,2024,1
MT23115,Student_1505,MTech-AI,2024,3
2936,Student_1511,ECE,2024,3
4820,Student_1520,MTech-AI,2024,2
MT22337,Student_1521,ECE,2024,1
MT22926,Student_1522,CSE,2024,1
MT22478,Student_1526,MTech-AI,2024,2
MT24015,Student_1533,CSE,2024,1
MT21918,Student_1538,MTech-AI,2024,1
9065,Student_1544,MTech-CSE,2024,2
MT24690,Student_1545,MTech-AI,2024,2
8752,Student_1552,MTech-AI,2024,3
1831,Student_1557,MTech-AI,2024,3
8802,Student_1559,MTech-AI,2024,1
7559,Student_156,MTech-AI,2024,1
MT21969,Student_1564,CSE,2024,1
9569,Student_1565,ECE,2024,2
8221,Student_1569,ECE,2024,2
MT22759,Student_1575,MTech-CSE,2024,3
MT22580,Student_1577,CSE,2024,2
MT22629,Student_1584,ECE,2024,2
5196,Student_1587,ECE,2024,3
1016,Student_1592,MTech-AI,2024,3
8673,Student_1594,MTech-CSE,2024,2
MT25261,Student_1597,CSE,2024,3
MT25606,Student_1598,CSE,2024,2
7494,Student_1600,CSE,2024,3
8250,Student_1609,MTech-AI,2024,1
MT23174,Student_161,ECE,2024,1
MT25710,Student_1615,ECE,2024,3
3693,Student_1617,ECE,2024,1
2263,Student_1623,ECE,2024,2
9033,Student_1624,MTech-CSE,2024,1
MT24720,Student_1625,MTech-CSE,2024,2
MT21928,Student_1629,MTech-AI,2024,1
1825,Student_164,ECE,2024,1
MT21769,Student_1650,MTech-AI,2024,3
4732,Student_1653,MTech-CSE,2024,2
9784,Student_1654,MTech-CSE,2024,1
MT24799,Student_1656,ECE,2024,1
7173,Student_1657,ECE,2024,3
MT23291,Student_1664,MTech-CSE,2024,3
MT25462,Student_1668,CSE,2024,1
4344,Student_1670,CSE,2024,1
4825,Student_1671,ECE,2024,1
7259,Student_1674,CSE,2024,2
7953,Student_168,ECE,2024,2
MT22182,Student_1680,MTech-CSE,2024,3
2516,Student_1688,MTech-CSE,2024,2
MT25973,Student_1692,CSE,2024,2
2198,Student_1698,CSE,2024,1
MT22447,Student_1704,MTech-CSE,2024,1
MT21865,Student_1705,CSE,2024,3
4447,Student_1709,ECE,2024,2
MT21740,Student_171,MTech-CSE,2024,3
MT23703,Student_1714,MTech-CSE,2024,1
8867,Student_1716,CSE,2024,2
MT22098,Student_1726,ECE,2024,3
MT25551,Student_1735,MTech-CSE,2024,1
9641,Student_1736,ECE,2024,3
5964,Student_1737,MTech-AI,2024,2
6220,Student_1749,MTech-CSE,2024,1
7261,Student_175,CSE,2024,1
8894,Student_1752,MTech-AI,2024,1
1632,Student_1754,MTech-AI,2024,2
MT22682,Student_1764,ECE,2024,2
3441,Student_1766,MTech-CSE,2024,2
1511,Student_1767,CSE,2024,2
2318,Student_1770,MTech-AI,2024,3
MT25808,Student_1774,MTech-AI,2024,1
7147,Student_1777,ECE,2024,1
5586,Student_1778,CSE,2024,1
8900,Student_1782,MTech-AI,2024,1
MT25938,Student_1787,CSE,2024,3
7702,Student_1798,CSE,2024,1
4089,Student_180,MTech-CSE,2024,3
4251,Student_1801,MTech-AI,2024,1
2201,Student_1805,ECE,2024,1
1642,Student_1807,MTech-CSE,2024,3
MT25332,Student_1810,MTech-AI,2024,1
3936,Student_1814,ECE,2024,1
9301,Student_1818,MTech-CSE,2024,1
2078,Student_182,MTech-CSE,2024,1
1575,Student_1822,CSE,2024,2
MT21410,Student_1835,ECE,2024,2
MT23038,Student_1839,MTech-AI,2024,3
MT21398,Student_184,MTech-AI,2024,1
8481,Student_1848,MTech-CSE,2024,3
MT24229,Student_1850,ECE,2024,2
MT22134,Student_1862,CSE,2024,2
4738,Student_1864,MTech-CSE,2024,1
MT23003,Student_187,MTech-AI,2024,1
MT23257,Student_1875,ECE,2024,2
1697,Student_1887,ECE,2024,3
6339,Student_189,CSE,2024,2
MT24679,Student_1890,MTech-CSE,2024,3
7037,Student_1899,CSE,2024,3
3443,Student_1901,MTech-CSE,2024,2
5379,Student_1903,ECE,2024,3
4539,Student_1904,CSE,2024,3
9813,Student_1925,MTech-AI,2024,2
MT25522,Student_193,MTech-AI,2024,1
9189,Student_1933,ECE,2024,2
8196,Student_1939,MTech-AI,2024,3
MT24850,Student_1947,CSE,2024,3
MT25119,Student_1976,MTech-AI,2024,3
7244,Student_1979,ECE,2024,2
5876,Student_1982,CSE,2024,1
MT21054,Student_1983,ECE,2024,3
MT22192,Student_1988,ECE,2024,2
2757,Student_1996,ECE,2024,2
2801,Student_1998,MTech-CSE,2024,3
8401,Student_2,ECE,2024,2
MT24320,Student_2003,MTech-AI,2024,2
4875,Student_2008,CSE,2024,3
MT25045,Student_2010,MTech-CSE,2024,3
MT24347,Student_2012,MTech-CSE,2024,2
MT23502,Student_2014,MTech-CSE,2024,3
2874,Student_2016,CSE,2024,1
MT22834,Student_2017,CSE,2024,2
MT23004,Student_2023,CSE,2024,2
MT21678,Student_2025,MTech-AI,2024,2
MT24227,Student_2034,ECE,2024,1
6525,Student_2040,MTech-CSE,2024,2
MT23779,Student_2041,MTech-AI,2024,1
MT24138,Student_2046,MTech-CSE,2024,2
MT23194,Student_2048,CSE,2024,3
MT23404,Student_2049,MTech-AI,2024,2
MT24410,Student_2054,CSE,2024,2
MT21358,Student_2060,ECE,2024,1
5258,Student_2061,CSE,2024,3
MT21074,Student_2062,CSE,2024,1
4560,Student_207,MTech-AI,2024,2
MT25544,Student_2075,MTech-AI,2024,3
6075,Student_2080,CSE,2024,1
9280,Student_2086,CSE,2024,3
4334,Student_2093,MTech-CSE,2024,3
8204,Student_2109,CSE,2024,2
MT23320,Student_2110,MTech-AI,2024,2
9395,Student_2111,MTech-AI,2024,3
4244,Student_2116,MTech-CSE,2024,3
MT25170,Student_2117,ECE,2024,3
2160,Student_2134,ECE,2024,3
MT24337,Student_2144,MTech-AI,2024,1
MT21018,Student_215,MTech-CSE,2024,1
MT21471,Student_2150,ECE,2024,2
MT22614,Student_2151,MTech-AI,2024,2
MT24911,Student_2152,CSE,2024,2
1978,Student_2159,CSE,2024,2
4609,Student_2160,MTech-AI,2024,1
MT25401,Student_2162,MTech-AI,2024,2
1354,Student_2167,CSE,2024,2
8651,Student_217,MTech-AI,2024,1
9340,Student_2178,CSE,2024,3
8285,Student_2185,ECE,2024,1
7466,Student_2189,CSE,2024,1
4987,Student_2199,MTech-AI,2024,1
7242,Student_2208,CSE,2024,1
6081,Student_221,MTech-CSE,2024,3
MT23963,Student_2211,MTech-AI,2024,2
MT22009,Student_2214,ECE,2024,2
MT21237,Student_2217,MTech-CSE,2024,3
8189,Student_2224,ECE,2024,3
MT25618,Student_2234,MTech-CSE,2024,1
7619,Student_2241,MTech-AI,2024,1
MT21891,Student_2246,MTech-CSE,2024,2
2525,Student_226,ECE,2024,1
6542,Student_2263,ECE,2024,2
7772,Student_2265,MTech-CSE,2024,1
MT22209,Student_2273,CSE,2024,3
MT25493,Student_2274,CSE,2024,1
MT22635,Student_2275,CSE,2024,1
8329,Student_2282,MTech-CSE,2024,3
4797,Student_2286,CSE,2024,1
5145,Student_2300,ECE,2024,2
MT23685,Student_2306,ECE,2024,2
MT23235,Student_2308,MTech-AI,2024,2
MT24550,Student_2315,MTech-CSE,2024,2
MT21448,Student_2322,CSE,2024,1
MT25985,Student_2323,CSE,2024,2
6252,Student_2336,MTech-CSE,2024,2
3822,Student_234,MTech-AI,2024,3
MT25133,Student_2341,MTech-AI,2024,3
5658,Student_2344,MTech-AI,2024,2
2618,Student_2346,ECE,2024,2
MT22231,Student_2350,ECE,2024,2
2862,Student_2354,CSE,2024,1
3756,Student_2362,MTech-CSE,2024,1
6980,Student_2369,CSE,2024,2
8150,Student_237,CSE,2024,1
MT25126,Student_2370,ECE,2024,2
MT21641,Student_2376,CSE,2024,1
MT25097,Student_238,MTech-AI,2024,2
MT23446,Student_2399,CSE,2024,1
7109,Student_2402,CSE,2024,2
7342,Student_2405,MTech-AI,2024,3
1959,Student_2406,CSE,2024,3
MT21062,Student_2409,CSE,2024,3
1967,Student_2411,CSE,2024,2
1593,Student_2424,CSE,2024,3
3114,Student_2429,ECE,2024,3
MT23150,Student_2433,ECE,2024,1
MT24619,Student_2444,MTech-CSE,2024,1
8138,Student_2453,MTech-CSE,2024,2
6044,Student_2458,MTech-CSE,2024,3
MT21279,Student_2460,MTech-AI,2024,1
MT22060,Student_2461,MTech-AI,2024,1
1252,Student_2466,MTech-AI,2024,1
MT23465,Student_2469,MTech-CSE,2024,3
MT22812,Student_2474,ECE,2024,2
6580,Student_2477,ECE,2024,3
MT23415,Student_2478,MTech-CSE,2024,2
5091,Student_2489,MTech-CSE,2024,2
7592,Student_2491,CSE,2024,3
MT25362,Student_25,MTech-CSE,2024,3
1976,Student_2502,MTech-CSE,2024,3
3560,Student_2506,MTech-AI,2024,1
MT24586,Student_2510,ECE,2024,3
MT21395,Student_2512,CSE,2024,1
2350,Student_2516,ECE,2024,1
MT25427,Student_2525,MTech-CSE,2024,1
5113,Student_2527,MTech-CSE,2024,2
MT25516,Student_254,ECE,2024,3
9763,Student_2550,ECE,2024,1
1199,Student_2560,CSE,2024,2
MT25735,Student_2567,CSE,2024,2
6174,Student_2577,ECE,2024,1
MT24750,Student_2578,CSE,2024,3
3666,Student_2586,MTech-CSE,2024,1
4125,Student_2591,CSE,2024,3
9576,Student_2606,ECE,2024,3
6523,Student_2614,CSE,2024,1
MT21134,Student_2619,CSE,2024,3
2774,Student_2624,MTech-AI,2024,2
9224,Student_2630,MTech-AI,2024,1
MT22380,Student_2637,ECE,2024,1
7501,Student_2638,CSE,2024,1
9805,Student_2641,MTech-AI,2024,3
3559,Student_2642,MTech-CSE,2024,2
7869,Student_2644,MTech-CSE,2024,1
MT23444,Student_2648,ECE,2024,2
MT25711,Student_2652,MTech-CSE,2024,2
MT22749,Student_2656,ECE,2024,1
7362,Student_2659,ECE,2024,2
MT24144,Student_2666,CSE,2024,3
1504,Student_2669,MTech-AI,2024,1
MT25455,Student_2671,MTech-AI,2024,1
1333,Student_2672,ECE,2024,1
MT21966,Student_2677,MTech-AI,2024,1
MT24379,Student_2700,CSE,2024,2
7449,Student_2701,ECE,2024,2
MT23063,Student_2703,MTech-AI,2024,1
1380,Student_2710,ECE,2024,3
7825,Student_2714,MTech-CSE,2024,3
9214,Student_2715,CSE,2024,3
8670,Student_2717,MTech-CSE,2024,2
2748,Student_272,CSE,2024,1
8541,Student_2732,MTech-AI,2024,1
MT25958,Student_2733,ECE,2024,1
MT23314,Student_2736,MTech-AI,2024,2
MT23433,Student_2753,MTech-CSE,2024,3
MT21412,Student_2754,CSE,2024,3
MT23808,Student_2759,MTech-CSE,2024,3
3147,Student_2763,MTech-CSE,2024,3
3071,Student_2767,MTech-AI,2024,1
MT24673,Student_2768,CSE,2024,2
MT25001,Student_2776,CSE,2024,3
7534,Student_2784,CSE,2024,1
2039,Student_2789,MTech-AI,2024,3
MT24821,Student_279,ECE,2024,2
4052,Student_2791,MTech-CSE,2024,3
4114,Student_2793,CSE,2024,2
3326,Student_2800,MTech-AI,2024,3
1396,Student_2805,MTech-CSE,2024,1
4145,Student_2808,ECE,2024,1
MT25529,Student_281,ECE,2024,3
MT21843,Student_2813,MTech-AI,2024,3
5456,Student_282,CSE,2024,2
4914,Student_2823,MTech-AI,2024,1
MT22704,Student_2830,ECE,2024,2
9910,Student_2832,ECE,2024,1
6670,Student_2834,ECE,2024,2
8659,Student_2845,CSE,2024,1
4934,Student_2846,MTech-AI,2024,3
5665,Student_2847,CSE,2024,3
MT21231,Student_2849,CSE,2024,2
MT24260,Student_2850,MTech-CSE,2024,2
7134,Student_2856,MTech-AI,2024,1
6588,Student_2862,MTech-AI,2024,3
1802,Student_2863,MTech-CSE,2024,1
8154,Student_2871,MTech-AI,2024,1
MT23540,Student_2873,CSE,2024,3
8526,Student_2880,CSE,2024,2
2404,Student_2890,ECE,2024,1
9883,Student_2895,MTech-CSE,2024,1
5935,Student_2896,MTech-CSE,2024,3
3439,Student_2901,CSE,2024,1
9122,Student_2909,MTech-AI,2024,3
MT24412,Student_2910,MTech-AI,2024,1
7710,Student_2911,MTech-AI,2024,1
MT22560,Student_2912,ECE,2024,3
7952,Student_2918,CSE,2024,1
6762,Student_2924,CSE,2024,2
7887,Student_2925,MTech-CSE,2024,2
MT21798,Student_293,CSE,2024,3
MT24194,Student_2932,CSE,2024,1
8400,Student_294,MTech-CSE,2024,3
1145,Student_2942,MTech-AI,2024,2
8791,Student_2943,MTech-AI,2024,1
9968,Student_2947,MTech-CSE,2024,1
MT24495,Student_295,ECE,2024,1
3161,Student_2951,CSE,2024,2
3728,Student_2956,CSE,2024,3
8640,Student_2957,MTech-AI,2024,1
7327,Student_2961,MTech-CSE,2024,1
9486,Student_2963,MTech-AI,2024,3
MT22897,Student_2981,ECE,2024,2
MT23975,Student_2986,ECE,2024,2
4803,Student_2987,MTech-CSE,2024,2
8110,Student_299,MTech-CSE,2024,2
MT21771,Student_2995,ECE,2024,2
MT21544,Student_2998,ECE,2024,2
MT21552,Student_30,CSE,2024,1
4224,Student_305,MTech-AI,2024,3
MT21116,Student_309,MTech-AI,2024,2
MT21454,Student_317,MTech-CSE,2024,2
MT24434,Student_319,MTech-AI,2024,1
5072,Student_320,CSE,2024,1
MT22208,Student_321,CSE,2024,2
5646,Student_328,ECE,2024,1
MT21896,Student_33,MTech-AI,2024,3
7032,Student_335,MTech-CSE,2024,2
4287,Student_342,CSE,2024,1
8523,Student_358,MTech-AI,2024,2
MT22938,Student_363,CSE,2024,1
MT24901,Student_370,ECE,2024,1
MT22198,Student_373,MTech-CSE,2024,1
5017,Student_377,MTech-AI,2024,1
MT21060,Student_379,MTech-CSE,2024,3
MT25807,Student_38,ECE,2024,2
MT25254,Student_391,MTech-AI,2024,2
MT25165,Student_392,MTech-AI,2024,2
8840,Student_397,MTech-CSE,2024,3
MT25125,Student_403,ECE,2024,3
5752,Student_405,MTech-AI,2024,3
MT21601,Student_409,MTech-AI,2024,3
MT22084,Student_412,MTech-CSE,2024,2
1716,Student_421,ECE,2024,2
2249,Student_425,MTech-AI,2024,2
MT25984,Student_436,MTech-AI,2024,3
MT24705,Student_439,MTech-CSE,2024,3
8554,Student_443,MTech-CSE,2024,2
MT23747,Student_444,CSE,2024,1
MT21360,Student_445,MTech-AI,2024,1
MT25305,Student_446,CSE,2024,1
MT23169,Student_452,MTech-AI,2024,2
MT23350,Student_455,ECE,2024,3
MT23073,Student_458,ECE,2024,2
3207,Student_462,ECE,2024,3
8655,Student_476,ECE,2024,2
MT21160,Student_479,ECE,2024,3
7988,Student_48,MTech-AI,2024,1
8008,Student_483,MTech-AI,2024,3
6359,Student_486,ECE,2024,2
MT25789,Student_489,ECE,2024,1
5565,Student_491,MTech-AI,2024,2
7827,Student_495,MTech-AI,2024,1
1239,Student_497,CSE,2024,2
2515,Student_5,MTech-AI,2024,1
MT24190,Student_500,ECE,2024,2
MT24350,Student_502,ECE,2024,2
6669,Student_505,MTech-AI,2024,2
MT22445,Student_506,MTech-CSE,2024,2
7461,Student_51,ECE,2024,1
4077,Student_511,MTech-CSE,2024,3
9625,Student_521,ECE,2024,3
MT21482,Student_522,ECE,2024,3
3863,Student_531,CSE,2024,2
MT25766,Student_534,CSE,2024,3
1673,Student_538,CSE,2024,3
8056,Student_539,MTech-AI,2024,3
5830,Student_54,CSE,2024,3
MT24722,Student_541,CSE,2024,3
MT22122,Student_543,CSE,2024,1
7226,Student_548,ECE,2024,2
4443,Student_557,ECE,2024,1
4173,Student_56,MTech-CSE,2024,1
9751,Student_562,CSE,2024,3
2673,Student_567,CSE,2024,2
5591,Student_568,ECE,2024,1
7673,Student_570,CSE,2024,1
2788,Student_572,MTech-CSE,2024,2
MT24736,Student_573,CSE,2024,3
1751,Student_574,CSE,2024,1
8916,Student_576,MTech-AI,2024,1
8284,Student_578,MTech-CSE,2024,1
1618,Student_584,ECE,2024,1
3915,Student_585,ECE,2024,1
MT25162,Student_586,CSE,2024,2
6516,Student_59,ECE,2024,3
2353,Student_606,MTech-CSE,2024,3
5605,Student_611,MTech-CSE,2024,2
MT22225,Student_612,CSE,2024,3
MT25839,Student_617,MTech-CSE,2024,2
6358,Student_624,MTech-CSE,2024,1
8556,Student_63,MTech-CSE,2024,3
8037,Student_631,MTech-CSE,2024,2
MT23567,Student_640,MTech-AI,2024,1
MT24123,Student_643,MTech-CSE,2024,1
MT22603,Student_644,ECE,2024,2
MT24298,Student_646,CSE,2024,1
6096,Student_647,CSE,2024,3
1060,Student_656,MTech-AI,2024,1
MT21495,Student_657,MTech-AI,2024,1
7446,Student_661,MTech-AI,2024,3
MT25901,Student_663,MTech-AI,2024,2
5495,Student_667,ECE,2024,1
MT25995,Student_675,ECE,2024,2
1242,Student_678,MTech-AI,2024,2
7918,Student_68,ECE,2024,2
MT21247,Student_680,MTech-CSE,2024,2
MT25193,Student_699,MTech-CSE,2024,3
2611,Student_700,CSE,2024,2
MT25149,Student_703,MTech-CSE,2024,2
1819,Student_714,ECE,2024,3
MT21477,Student_716,ECE,2024,2
MT22062,Student_717,ECE,2024,2
MT22120,Student_726,ECE,2024,3
MT21233,Student_727,ECE,2024,2
6965,Student_73,MTech-CSE,2024,3
MT25451,Student_732,MTech-AI,2024,2
MT22681,Student_734,MTech-AI,2024,3
4213,Student_735,MTech-AI,2024,1
3661,Student_740,CSE,2024,2
3773,Student_746,MTech-AI,2024,2
MT21005,Student_750,ECE,2024,3
MT21554,Student_76,ECE,2024,3
MT25856,Student_766,MTech-CSE,2024,3
MT24407,Student_768,ECE,2024,1
6484,Student_770,ECE,2024,1
MT21872,Student_771,MTech-CSE,2024,2
6221,Student_775,MTech-CSE,2024,1
MT25456,Student_778,CSE,2024,1
MT22307,Student_779,MTech-AI,2024,3
8084,Student_787,MTech-AI,2024,1
MT23946,Student_788,MTech-CSE,2024,2
MT24508,Student_790,MTech-AI,2024,2
MT22476,Student_793,CSE,2024,1
MT25595,Student_8,MTech-AI,2024,3
MT24837,Student_805,CSE,2024,2
3487,Student_813,CSE,2024,3
2818,Student_819,MTech-CSE,2024,1
MT25047,Student_823,CSE,2024,1
3852,Student_826,MTech-AI,2024,3
MT24883,Student_827,CSE,2024,2
4872,Student_830,MTech-AI,2024,1
7799,Student_831,MTech-CSE,2024,2
8604,Student_841,MTech-CSE,2024,3
2836,Student_843,MTech-AI,2024,3
9021,Student_848,MTech-AI,2024,1
6047,Student_849,ECE,2024,1
MT25613,Student_853,MTech-CSE,2024,3
MT21307,Student_858,ECE,2024,1
4007,Student_860,MTech-CSE,2024,3
3398,Student_861,MTech-AI,2024,3
4622,Student_864,CSE,2024,2
MT22282,Student_870,MTech-CSE,2024,2
6527,Student_881,CSE,2024,1
6150,Student_883,CSE,2024,2
6868,Student_889,MTech-CSE,2024,1
4650,Student_897,MTech-CSE,2024,3
MT21830,Student_898,CSE,2024,3
9972,Student_9,CSE,2024,2
6451,Student_904,MTech-CSE,2024,2
1236,Student_915,MTech-AI,2024,1
MT21944,Student_919,ECE,2024,1
MT24178,Student_923,MTech-CSE,2024,2
9476,Student_928,MTech-CSE,2024,2
MT21271,Student_936,CSE,2024,3
6196,Student_940,MTech-AI,2024,1
6303,Student_941,MTech-AI,2024,2
3130,Student_943,MTech-CSE,2024,3
MT24581,Student_944,MTech-CSE,2024,2
2778,Student_947,MTech-CSE,2024,1
2420,Student_952,CSE,2024,1
MT21039,Student_961,MTech-CSE,2024,3
MT24069,Student_966,CSE,2024,3
5033,Student_982,MTech-AI,2024,3
MT22343,Student_983,MTech-CSE,2024,2
MT21821,Student_985,ECE,2024,1
6333,Student_991,MTech-AI,2024,2
9633,Student_992,MTech-CSE,2024,1
MT25035,Rahul,CSE,2025,1
